sku,stock.qty,pick_face_count  
100213, 130,2
100214, 36,2
100217, 116,1
100218, 10,1
100219, 27,1
100220, 20,1
100268, 1,1
101068, 341,1
101069, 163,1
101072, 1660,1
101101, 242,2
101278, 48,
101279, 20,1
101331, 44,1
101629, 4015,1
101822, 523,1
102316, 247,1
102445, 87,
102449, 469,1
102465, 12,1
102469, 2,1
102499, 394,1
102503, 192,1
102509, 287,1
102701, 6,1
102801, 121,1
103006, 148,1
103210, 141,1
103211, 1190,1
103307, 254,1
103370, 0,1
103451, 0,1
103578, 12,
103788, 109,1
103790, 49,2
103828, 10,1
103959, 4,1
103969, 33,
103982, 42,
104474, 19,1
104550, 73,1
104574, 13,1
104578, 6,1
104634, 13,1
104939, 0,1
106027, 138,1
106306, 4,1
106393, 314,2
106402, 8,
106482, 60,1
106517, 156,1
106529, 185,1
106660, 233,1
106787, 0,2
106794, 347,1
106823, 323,1
106953, 930,1
107100, 294,
107592, 21,
108849, 9,1
10894, 33,2
10895, 4,1
108991, 1,1
109067, 19,1
109068, 37,1
109347, 111,1
110733, 180,1
111091, 6,1
111103, 4,1
111206, 210,1
111241, 5061,1
111247, 5,1
111249, 1,1
111250, 6,1
111261, 54,1
111262, 18,1
111263, 11,1
111268, 34,1
111418, 348,2
111424, 239,2
111721, 64,1
111788, 199,1
111794, 97,1
111797, 256,1
111890, 11,1
112287, 1,
11229, 79,2
112407, 93,1
112422, 19,1
112510, 9,1
112787, 15,1
112788, 206,2
112793, 1464,
112836, 18,1
112850, 118,1
112857, 228,1
112859, 252,1
113102, 631,2
113109, 164,2
113110, 13,2
113135, 9,
113150, 112,1
113151, 0,1
113153, 236,1
113155, 343,1
113226, 50,1
113644, 288,1
113646, 102,2
113674, 0,1
113920, 460,2
113921, 1140,2
113994, 0,2
114062, 12,2
114115, 39,1
114261, 862,2
114262, 346,2
114753, 439,1
114802, 7,1
114936, 10,1
114952, 188,2
115071, 2,1
115089, 15,1
115124, 893,1
115247, 26,1
115573, 3,1
115627, 2,1
115645, 12,1
115665, 13,1
115700, 5615,2
115721, 612,1
115797, 7,2
115800, 63,1
115801, 10,
116041, 1490,2
116327, 48,1
118807, 1,1
119521, 54,2
119619, 10,
119682, 84,1
119710, 1983,
119718, 198,
119720, 283,1
119734, 193,2
120418, 440,1
120437, 152,2
120472, 36,1
120895, 5,1
120997, 502,2
121010, 84,1
121093, 6,
121099, 79,1
121106, 16,1
121107, 8,1
121110, 11,1
121159, 1,
121204, 5,
121341, 3,
121535, 15,2
121629, 12,
121907, 0,1
122042, 180,2
122045, 10,1
122055, 3352,2
122056, 3057,1
122057, 3309,2
122060, 3482,2
122223, 12,1
122260, 1008,1
122268, 616,2
122299, 139,1
122310, 14,1
122401, 335,2
122424, 0,2
122466, 919,1
122500, 7,1
122585, 10,
122698, 41,2
122757, 0,1
122761, 30,1
122850, 34,1
122925, 60,1
122926, 8,1
122960, 78,2
122975, 27,1
123046, 11,1
123071, 217,1
123191, 188,2
123638, 5,1
123764, 18,1
123948, 5,
124146, 240,1
124168, 61,2
124179, 12,1
124300, 49,1
124413, 12,
124654, 0,1
124840, 114,1
124881, 49,1
125102, 67,1
125123, 215,1
125466, 636,
125473, 0,2
125687, 223,1
125694, 40,1
125726, 30,1
125742, 0,1
126215, 81,1
126319, 1426,1
126325, 0,2
126331, 115,2
126332, 0,1
126396, 3961,2
126503, 0,1
126515, 11,1
126689, 7,
126690, 5,
126694, 12,
126745, 383,1
126747, 7,
126754, 66,1
127164, 15,1
127168, 443,2
127215, 4685,2
127351, 25,1
127506, 0,2
127603, 104,1
127632, 47,1
127633, 35,
127635, 849,1
127667, 18,1
127678, 115,1
127728, 6,
127824, 19,1
127825, 15,1
127834, 9,
128385, 18,1
12850, 5,2
128645, 16,
128763, 1130,2
128764, 764,2
128765, 212,1
128767, 242,2
128768, 863,2
128769, 156,2
128786, 145,1
129033, 210,2
129039, 12,
129075, 1428,1
129090, 0,1
129122, 203,1
129123, 473,2
129124, 4,
129126, 792,2
129253, 137,2
129337, 365,1
129564, 0,2
129782, 306,2
129783, 11,1
129786, 1,1
129798, 44,2
129799, 356,2
129800, 145,2
130266, 52,1
130290, 11,1
130299, 2,1
130323, 0,1
130324, 0,1
130327, 157,1
130458, 1,1
130459, 9,
130465, 198,1
130688, 59,2
130689, 32,1
130690, 594,2
130863, 16,1
131082, 622,1
131084, 12,1
131085, 8,1
131086, 25,1
131175, 48,1
131176, 185,1
131220, 2,
131639, 36,1
131640, 240,1
131656, 357,1
131659, 296,1
131741, 24,1
131744, 471,2
131772, 21,1
131773, 226,1
131774, 11,1
131778, 2,1
131812, 209,1
131813, 318,1
132036, 72,1
132130, 2,1
132347, 13,2
132411, 46,1
132472, 36,2
13251, 4,
132513, 12,1
132520, 135,2
132603, 27,1
132604, 0,1
132731, 11,1
132732, 21,1
132771, 4843,2
132907, 30,1
132929, 34,1
132951, 800,2
132955, 11,1
132956, 13,
132957, 25,1
132960, 8,1
132965, 274,1
132966, 152,1
132967, 114,1
132968, 177,1
132969, 184,1
132970, 85,
132975, 121,1
132976, 114,1
132977, 48,1
133014, 138,1
133066, 20,2
133073, 9,2
133146, 31,
133239, 106,1
133252, 61,1
133266, 280,
133270, 34,1
133273, 60,
133274, 0,
133275, 160,
133276, 170,
133278, 0,
133279, 0,
133281, 70,
133355, 4888,1
133388, 0,2
133433, 12,1
133434, 41,1
133458, 48,
133459, 18,1
133597, 1309,2
133737, 93,1
133738, 536,2
133740, 948,1
133741, 413,2
133742, 395,1
133743, 367,2
133744, 292,2
133746, 163,2
133747, 348,2
133748, 326,2
133859, 1919,2
133884, 2420,2
133921, 9,1
133955, 228,2
133958, 0,2
134133, 25,2
134216, 50,
134227, 36,1
134252, 19,1
134254, 35,1
134257, 280,1
134258, 249,1
134260, 101,1
134262, 13,1
134265, 12,1
134269, 0,1
134270, 45,1
134272, 81,1
134381, 806,2
134538, 918,1
134624, 10,1
134688, 462,2
134689, 923,1
134690, 78,2
134692, 315,2
134731, 63,1
134891, 2,1
134958, 49,1
134959, 24,1
134960, 5,1
134988, 68,2
135046, 145,2
135128, 3,
135156, 384,1
135288, 33,1
135289, 32,1
135406, 331,1
135408, 10,
135446, 168,1
135496, 15,1
135514, 1474,1
135667, 993,
135668, 430,1
135675, 24,1
135735, 140,2
135739, 10,1
135836, 10,1
135844, 13,2
135867, 9,1
135869, 1,1
135891, 24,1
135959, 0,2
135960, 90,2
136025, -2,2
136032, 48,2
136041, -6,1
136049, 13,1
136052, 70,1
136225, 48,1
136408, 2,
136525, 80,1
136529, 248,1
136602, 0,1
136632, 216,1
136671, 192,2
136779, 530,1
136858, 394,1
136859, 30,
136862, 25,
136864, 21,1
136865, 11,1
136866, 70,1
136868, 4,1
136869, 19,
136874, 2,1
136875, 9,1
136901, 25,
136908, 1,1
136913, 12,1
136915, 7,1
137073, 10,1
137083, 42,1
137098, 271,2
137099, 102,
137175, 132,1
137205, 12,
137231, 6,
137359, 20,1
137424, 6,2
137426, 23,1
137432, 218,2
137434, 398,1
137504, 3,1
137524, 1,
137526, 33,
137527, 1,1
137529, 32,1
137544, 148,1
137558, 3,1
137607, 94,1
137610, 12,
137612, 1410,
137614, 11,1
137642, 21,1
137691, 7,1
137692, 79,1
137693, 36,1
137696, 65,1
137774, 4,1
137775, 15,1
137779, 10,1
137851, 77,1
137959, 9,1
137964, 50,1
137970, 5,2
137995, 259,
138077, 57,1
138092, 169,1
138109, 41,1
138135, 19,1
138257, 51,1
138264, 10,1
138267, 42,2
138269, 256,2
138270, 0,2
138275, 41,1
138292, 799,2
138392, 10,1
138393, 4,1
138395, 6,1
138446, 2,1
138840, 2749,2
138849, 1390,2
139122, 294,2
139268, 250,1
139269, 103,1
139271, 39,1
139478, 746,2
139495, 0,1
139507, 6,1
139554, 48,1
139573, 156,1
139654, 1191,1
139662, 180,
139747, 177,1
139749, 198,1
139977, 108,2
140237, 41,1
140336, 169,1
140340, 38,1
140341, 270,1
140385, 17,1
140393, 16,1
140425, 1596,2
140505, 41,
140518, 104,1
140557, 10,1
140568, 120,1
140569, 810,2
140570, 204,2
140571, 6090,1
140578, 1583,1
140579, 1096,2
140582, 2874,2
140596, 32,1
140598, 17,2
140644, 97,2
140649, 99,1
140650, 44,2
140655, 42,1
140670, 312,1
140672, 3,1
140673, 156,1
140674, 320,1
140677, 143,1
140756, 96,1
140784, 10,1
140787, 0,1
140954, 1092,1
141130, 449,2
141132, 229,2
141142, 681,1
141143, 400,2
141144, 575,2
141150, 40,1
141167, 158,2
141182, 348,1
141186, 3262,1
141189, 650,1
141191, 0,1
141231, 7,1
141232, 4,1
141329, 136,2
141337, 65,1
141340, 241,1
141341, 10,1
141353, -50,2
141357, 49,1
141366, 152,1
141424, 8,
141440, 248,1
141537, 102,1
141581, 45,1
141615, 19,1
141624, 6,
141634, 8,1
141637, 77,1
141650, 74,1
141657, 18,1
141661, 51,1
141663, 9,
141673, 46,1
141674, 144,1
141757, 22,2
141762, 3,1
141764, 32,1
141985, 1,
141992, 25,1
141997, 8,1
142068, 64,1
142069, 280,1
142074, 14,1
142118, 1,2
142221, 42,1
142244, 36,1
142261, 50,1
142527, 225,2
142564, 6,
142820, 19,
142834, 6,1
142845, 12,1
142879, 326,1
142883, 0,
142884, 6,
142974, 335,2
142977, 1,
143126, 4136,2
143129, 2449,2
143130, 988,1
143131, 906,2
143163, 138,1
143165, 240,2
143168, 165,1
143349, 71,1
143379, 486,2
143392, 18,
143397, 16,
143405, 9,1
143422, 17,1
143430, 1,1
143439, 21,1
143444, 6,1
143546, 0,2
143547, 66,2
143556, 96,1
143557, 397,2
143603, 51,1
143723, 12,1
143726, 12,
143739, 14,
143828, 40,1
143854, 321,1
143945, 112,
143946, 8,1
143948, 0,1
144035, 155,1
144088, 3,2
144090, 170,2
144198, 24,1
144272, 1,1
144279, 61,1
144309, 138,2
144322, 12,1
144323, 4,1
144324, 12,1
144395, 1,
144407, 3034,2
144444, 485,1
144458, 21,1
144459, 61,1
144460, 54,1
144562, 9,1
144648, 0,1
144666, 255,2
144920, 1,
144921, 92,1
144922, 8,1
144923, 12,1
144924, 9,1
144925, 152,2
144926, 112,1
144927, 12,1
144929, 142,1
144931, 124,1
144932, 232,1
144933, 104,1
144934, 28,1
144935, 80,1
144936, 610,1
144937, 361,1
144938, 24,1
144939, 92,1
144940, 132,1
144941, 328,1
144942, 108,1
144943, 44,1
145186, 690,1
145343, 6,1
145357, 185,1
145360, 353,2
145373, 254,2
145386, 10,
145409, 263,1
145426, 33,2
145456, 8,1
145500, 89,1
145513, 0,1
145531, 20,1
145539, 34,1
145564, 672,1
145571, 28,1
145572, 10,1
145573, 393,1
145611, 22,2
145625, 35,1
145626, 30,
145627, 45,
145632, 0,1
145633, 2874,2
145643, 1890,2
145722, 5,2
145731, 2174,1
145795, 184,2
145813, 67,1
145822, 49,1
145860, 36,1
146046, 240,1
146047, 528,1
146093, 20,1
146165, 1070,2
146169, 36,
146170, 73,1
146179, 22,1
146189, 108,1
146266, 171,2
146268, 0,2
146300, 42,1
146309, 20,
146312, 309,
146314, 252,1
146331, 72,1
146342, 27,
146343, 3,
146345, 17,1
146391, 13,1
146400, 547,1
146401, 947,2
146417, 0,1
146427, 280,1
146443, 53,2
146476, 423,1
146498, 6,
146500, 5,
146501, 6,
146506, 4,
146508, 1,
146510, 6,
146511, 6,
146515, 6,
146518, 3,
146566, 12,
146602, 18,
146673, 33,1
146676, 7,1
146692, 5,
146693, 5,
146694, 5,
146695, 40,1
146696, 10,1
146697, 50,1
146698, 20,1
146700, 60,1
146701, 10,1
146705, 6,
146706, 5,
146707, 5,
146708, 5,
146709, 6,
146710, 4,
146711, 5,
146712, 5,
146713, 5,
146714, 5,
146715, 5,
146716, 6,
146719, 5,
146720, 5,
146721, 5,
146722, 5,
146723, 5,
146724, 5,
146725, 5,
146726, 6,
146729, 10,
146731, 5,
146732, 6,
146733, 5,
146734, 5,
146736, 588,2
146737, 245,2
146738, 206,2
146740, 16,2
146768, 5,
146813, 0,2
146816, 98,1
146827, 10,1
146835, 2480,2
146862, 344,1
146865, 4508,3
146866, 2787,2
146868, 2744,2
146877, 12,1
146878, 8,1
146886, 4,1
146888, 4,1
146889, 9,1
146890, 12,1
146893, 19,1
146895, 12,1
146897, 2,1
146898, 8,1
146899, 0,1
146902, 113,1
146903, 25,1
146907, 41,1
146908, 84,1
146909, 77,1
146910, 19,1
146911, 0,1
146912, 30,1
146913, 5,1
146914, 39,1
146917, 30,1
146919, 1,1
146930, 46,1
146931, 15,1
146941, 1,1
146943, 5,1
146950, 24,1
146954, 14,1
146955, 5,1
146962, 5,1
146965, 9,1
146970, 17,1
146985, 91,1
146993, 9,1
146998, 81,1
147000, 9,1
147006, 30,1
147030, 2307,1
147095, 5,1
147097, 26,1
147098, 70,1
147099, 6,1
147101, 20,1
147107, 161,1
147111, 12,1
147132, 5,
147134, 5,
147136, 5,
147161, 128,2
147162, 360,2
147208, 21,1
147276, 93,1
147314, 200,
147373, 1692,1
147374, 370,1
147375, 367,1
147438, 100,1
147498, 84,
147543, 36,1
147544, 189,2
147545, 6,2
147549, 29,2
147628, 6,2
147629, 197,2
147632, 12,2
147686, 539,1
147694, 87,1
147697, 43,1
147787, 443,
147804, 12,1
147813, 32,1
147831, 0,2
147899, 12,1
147900, 16,1
147904, 0,1
147905, 52,1
147926, 0,1
147943, 20,2
147955, 63,
147987, 63,2
147989, 21,1
147990, 14,1
148036, 441,1
148048, 289,
148051, 30,
148082, 4,2
148086, 70,1
148110, 14,1
148114, 13,1
148133, 0,1
148142, 72,1
148143, 0,1
148155, 32,1
148160, 108,1
148161, 26,1
148163, 11,1
148165, 97,
148167, 48,1
148168, 55,1
148169, 56,1
148172, 59,1
148185, 620,1
148194, 1008,1
148201, 251,1
148204, 6249,2
148210, 64,1
148213, 2,1
148226, 16,1
148230, 887,1
148245, 97,1
148246, 159,1
148248, 42,2
148267, 804,2
148406, 0,1
148442, 36,1
148445, 106,1
148446, 169,1
148447, 30,1
148454, 15,1
148462, 2532,2
148467, 1124,2
148468, 11,1
148470, 962,2
148471, 34,1
148482, 1503,2
148483, 357,1
148484, 310,2
148485, 0,1
148497, 1190,2
148498, 502,2
148499, 2158,2
148501, 301,1
148503, 620,2
148504, 2000,1
148506, 4408,2
148507, 2442,2
148509, 6387,2
148510, 79,2
148511, 8740,2
148512, 180,2
148513, 4,2
148514, 4432,2
148515, 5740,2
148516, 3896,2
148517, 22,2
148518, 2136,1
148520, 811,2
148522, 59,2
148524, 220,2
148526, 398,2
148535, 3143,2
148538, 518,1
148539, 1680,1
148545, 770,1
148546, 48,1
148547, 59,1
148587, 180,1
148590, 9,1
148593, 5,1
148600, 7,1
148602, 27,1
148641, 12,1
148696, 58,1
148800, 447,2
148858, 663,2
148860, 132,1
148863, 46,2
148884, 35,
148987, 9,1
148992, 89,2
148994, 102,2
149009, 1,1
149057, 1128,2
149058, 282,2
149059, 324,2
149060, 516,2
149169, 33,1
149175, 32,1
149192, 6,
149194, 12,1
149209, 8,1
149210, 176,1
149211, 15,1
149309, 1,
149331, 8,1
149349, 0,1
149363, 9,1
149368, 22,1
149373, 5,1
149438, 29,
149439, 10,
149447, 12,1
149448, 58,1
149451, 13,1
149452, 8,1
149453, 8,1
149454, 5,1
149455, 36,1
149457, 96,1
149458, 22,1
149459, 54,1
149460, 6,1
149463, 8,1
149464, 96,1
149465, 60,1
149467, 20,1
149468, 88,1
149469, 14,1
149470, 11,1
149474, 48,1
149475, 26,1
149476, 7,1
149477, 173,1
149478, 66,1
149480, 20,1
149507, 1368,1
149508, 181,1
149509, 36,1
149510, 22,1
149515, 72,2
149516, 30,1
149517, 15,1
149519, 180,1
149520, 387,1
149533, 23,1
149537, 283,1
149540, 174,1
149543, 13,1
149544, 226,2
149565, 396,1
149566, 417,2
149567, 600,2
149572, 2871,2
149573, 1025,2
149575, 334,2
149627, 74,1
149628, 14,1
149632, 15,1
149633, 144,1
149638, 36,1
149639, 63,1
149667, 6,
149679, 6,
149695, 34,1
149700, 1,
149718, 22,1
149882, 63,1
149914, 71,1
149915, 103,1
149916, 14,1
149917, 204,1
149918, 5,1
149919, 195,1
149920, 11,1
149921, 260,1
149922, 117,1
149923, 70,1
149924, 120,1
149925, 4,1
149926, 64,1
149941, 292,2
149945, 56,1
149946, 5,1
149954, 25,1
149955, 26,1
149959, 132,1
149961, 6,1
149962, 42,1
149963, 33,1
150198, 68,1
150199, 852,2
150200, 155,1
150201, 690,1
150203, 263,1
150211, 718,1
150214, 629,1
150263, 22,1
150291, 514,1
150295, 480,1
150296, 8,1
150297, 96,1
150298, 34,1
150299, 584,1
150300, 21,1
150360, 683,1
150382, 53,1
150385, 7,1
150386, 27,1
150388, 16,1
150389, 21,1
150390, 72,1
150393, 18,1
150394, 37,1
150395, 115,1
150397, 7,1
150422, 263,1
150423, 117,1
150424, 133,1
150425, 7,1
150426, 18,1
150429, 0,1
150430, 3,
150431, 47,1
150432, 2,1
150433, 119,1
150434, 0,1
150435, 31,1
150436, 0,1
150437, 0,1
150438, 0,1
150441, 236,1
150442, 28,1
150443, 1,1
150444, 9,1
150445, 133,1
150446, 19,1
150448, 146,1
150449, 0,1
150451, 9,1
150452, 121,1
150454, 16,1
150457, 17,1
150461, 36,1
150462, 0,1
150463, 1,
150528, 2962,1
150529, 41,1
150535, 7,1
150536, 17,1
150538, 16,1
150543, 27,1
150544, 20,1
150588, 46,1
150590, 3,1
150591, 6,1
150592, 7,1
150642, 2,1
150644, 51,1
150645, 1,1
150647, 21,1
150648, 1,
150655, 76,1
150656, 282,1
150657, 68,1
150658, 8,1
150659, 64,1
150661, 17,1
150662, 17,1
150663, 249,1
150666, 126,1
150668, 48,1
150670, 27,1
150671, 117,1
150672, 0,1
150674, 30,1
150675, 255,1
150677, 248,1
150684, 101,
150689, 232,1
150715, 5451,2
150726, 1793,2
150727, 1174,2
150728, 116,1
150736, 19,1
150739, 30,1
150760, 75,1
150762, 91,1
150783, 13,1
150835, 53,1
150867, 19,1
150878, 63,1
150880, 92,1
150882, 122,1
150884, 22,1
150887, 12,1
150890, 9,1
150894, 12,1
150900, 0,1
150919, 96,2
150921, 35,
150946, 792,1
150958, 121,2
150979, 29,1
150980, 74,1
150981, 17,1
150982, 196,1
150983, 630,
150984, 168,1
151117, 22,1
151129, 18,1
151149, 5,1
151161, 80,1
151175, 59,
151209, 12,2
151210, 618,2
151225, 13,1
151227, 35,1
151257, 313,1
151258, 258,1
151296, 9,2
151304, 1,2
151305, 12,
151322, 168,
151356, 97,2
151357, 201,2
151358, 318,2
151374, 244,1
151397, 15,1
15140, 0,2
151402, 1406,2
151424, 114,1
151425, 273,1
151427, 78,1
151428, 108,1
151429, 35,2
151430, 88,1
151432, 254,1
151433, 172,1
151434, 245,1
151435, 50,1
151456, 198,1
151457, 1,1
151461, 2,1
151462, 92,
151464, 68,
151466, 35,
151474, 3,1
151482, 10,1
151483, 188,
151487, 2,1
151605, 10,1
151608, 163,
151623, 210,1
151624, 100,1
151626, 6,1
151748, 14,1
151749, 15,1
151750, 11,1
151751, 3,1
151752, 25,1
151753, 87,1
151754, 282,1
151885, 1,
151938, 10,2
151957, 45,1
152046, 22,
152119, 9,1
152133, 450,1
152135, 11,1
152136, 20,1
152137, 27,1
152138, 48,1
152139, 28,1
152140, 64,1
152144, 14,1
152145, 42,1
152146, 39,1
152148, 4,1
152149, 7,1
152150, 10,1
152151, 49,
152153, 23,1
152155, 76,1
152156, 182,1
152157, 4,1
152158, 35,1
152159, 10,1
152160, 30,1
152176, 125,1
152246, 193,2
152251, 240,2
152253, 186,2
152408, 64,1
152425, 67,2
152426, 36,1
152438, 8,2
152457, 60,1
152458, 12,1
152459, 201,2
152494, 60,2
152524, 60,1
152525, 85,1
152526, 49,1
152527, 22,1
152528, 59,1
152529, 136,1
152530, 7,1
152533, 150,2
152534, 42,1
152535, 37,1
152543, 1058,1
152545, 15,1
152548, 4,1
152619, 344,2
152620, 1,1
152625, 0,2
152626, 7,1
152627, 145,1
152628, 276,2
152629, 174,1
152630, 391,1
152638, 82,1
152639, 415,1
152640, 187,1
152641, 705,1
152646, 217,1
152647, 11,1
152651, 192,2
152653, 251,1
152654, 38,1
152655, 24,2
152656, 411,2
152657, 242,1
152658, 240,2
152659, 482,2
152660, 35,1
152661, 292,1
152662, 141,1
152663, 36,1
152668, 193,2
152671, 60,2
152672, 20,2
152676, 183,1
152688, 103,
152696, 19,1
152709, 448,1
152733, 0,1
152768, 0,2
152769, 246,1
152770, 315,2
152772, 96,2
152774, 0,2
152776, 261,1
152778, 132,2
152780, 386,1
152784, 144,1
152790, 47,1
152793, 383,1
152804, 1,1
152819, 14,1
152825, 17,1
152826, 6,1
152832, 22,2
152835, 442,2
152858, 0,1
152859, 11,1
152860, 18,1
152862, 81,1
152863, 114,1
152865, 39,
152887, 0,2
152947, 2,2
152948, 10,2
152949, 0,1
152983, 1699,1
152984, 18,1
152986, -5,1
152998, 3,1
153053, 19,1
153057, 37,1
153066, 3,1
153067, 20,1
153075, 225,
153080, 76,1
153081, 7,
153082, 20,1
153083, 39,
153086, 211,1
153087, 19,1
153089, 59,1
153094, 209,1
153101, 12,1
153102, 9,
153106, 0,1
153107, 0,1
153108, 0,2
153109, 0,1
153110, 0,2
153111, 259,2
153113, 519,1
153117, 0,2
153118, 180,1
153121, 134,2
153125, 15,1
153126, 684,2
153129, 220,2
153130, 45,2
153161, 2,1
153164, 131,1
153174, 241,1
153192, 13,1
153194, 41,1
153197, 24,2
153202, 62,1
153204, 59,1
153208, 2,1
153258, 123,1
153292, 17,1
153318, 72,1
153320, 50,2
153322, 245,1
153323, 180,2
153325, 27,1
153330, 406,2
153331, 47,1
153336, 616,2
153339, 121,2
153343, 15,1
153345, 353,2
153347, 501,2
153407, 139,1
153418, 1,1
153419, 91,1
153421, 35,1
153490, 39,1
153651, 17,1
153653, 287,2
153654, 21,1
153655, 10,1
153657, 726,2
153704, 0,2
153709, 4800,
153751, 168,2
153752, 59,2
153757, 140,1
153758, 60,2
153759, 157,2
153760, 468,2
153782, 84,1
153783, 19,1
153817, 11,1
153830, 477,1
153850, 10,1
153862, 19,2
153863, 100,2
153865, 0,2
153876, 4,
153880, 47,2
153900, 14,1
153948, 15,1
153949, 7,1
153950, 14,1
153954, 1,2
153955, 803,2
153956, 592,2
153985, 56,1
153986, 18,2
154081, 1,
154088, 138,2
154181, 2,
154191, 1,
154241, 95,1
154246, 1,
154250, 8,1
154251, 19,1
154255, 34,1
154258, 156,1
154267, 35,1
154270, 61,1
154271, 0,2
154273, 10,1
154274, 16,1
154275, 13,1
154276, 2,1
154278, 3,1
154279, 19,1
154280, 9,1
154284, 2,1
154331, 147,2
154332, 0,
154379, 57,1
154380, 122,1
154391, 11,1
154393, 95,2
154398, 69,2
154420, 19,1
154421, 34,1
154423, 14,1
154424, 34,2
154451, 129,2
154458, 0,1
154466, 1171,1
154468, 112,1
154490, 8,1
154498, 17,1
154504, 2618,2
154506, 15,
154507, 14,1
154512, 27,1
154513, 21,1
154514, 0,1
154526, 15,1
154532, 1,2
154535, 2,2
154549, 18,1
154590, 11,1
154592, 206,1
154597, 264,1
154600, 23,1
154612, 311,1
154615, 10,1
154616, 265,1
154625, 34,
154720, 11,1
154725, 7,1
154728, 12,1
154729, 102,1
154730, 11,1
154755, 1558,2
154756, 15,1
154757, 74,2
154758, 5997,2
154788, 30,1
154789, 91,1
154791, 40,2
154854, 98,2
154896, 60,1
154897, 1,1
154899, 16,1
154915, 250,1
154917, 152,1
154939, 15,1
154979, 104,1
154980, 80,1
154981, 118,1
154982, 220,1
154983, 170,1
154984, 155,1
154985, 190,1
155012, 287,1
155126, 4,1
155127, 5,1
155134, 316,
155135, 19,
155153, 9,1
155204, 5,1
155237, 129,1
155246, 55,
155356, 10,1
155358, 20,
155359, 19,
155375, 204,2
155436, 78,1
155437, 6,
155438, 181,2
155443, 245,2
155444, 86,2
155448, 15,2
155457, 145,2
155460, 115,2
155468, 241,2
155473, 269,2
155474, 87,2
155480, 18,1
155481, 490,2
155484, 140,2
155521, 2,1
155555, 251,1
155562, 266,2
155563, 200,2
155564, 22,2
155579, 48,2
155587, 88,1
155611, 12,2
155703, 1,1
155705, 5,
155707, 21,2
155708, 7,1
155709, 8,
155711, 12,1
155715, 10,1
155716, 12,1
155717, 5,1
155725, 45,1
155726, 83,1
155728, 11,1
155732, 11,1
155736, 314,1
155740, 47,1
155762, 378,1
155790, 1,
155811, 155,2
155822, 178,2
155824, 25,1
155828, 63,2
155838, 35,1
155841, 0,
155846, 1955,2
155911, 14,1
155920, 25,1
155938, 108,
155941, 13,
155942, 36,1
155943, 2,
155945, 21,
155956, 10,1
155983, 45,1
155992, 9,
155997, 54,
156075, 6,1
156076, 3,
156077, 40,1
156149, 13,2
156151, 17,1
156165, 2,1
156170, 58,1
156172, 9,1
156177, 2,1
156178, 3,1
156183, 20,1
156185, 166,2
156188, 10,1
156198, 54,1
156199, 138,1
156200, 25,1
156203, 15,1
156207, 27,
156209, 24,1
156225, 20,
156226, 16,
156229, 16,
156235, 10,1
156240, 12,1
156241, 1,2
156243, 14,1
156245, 7,1
156248, 7,1
156262, 5,
156303, 120,2
156314, 100,1
156320, 21,2
156322, 136,2
156341, 200,2
156385, 22,1
156386, 14,1
156389, 0,1
156391, 1146,1
156401, 39,1
156407, 23,1
156411, 137,1
156413, 12,
156418, 6,
156423, 6,
156437, 327,2
156438, 115,2
156439, 0,2
156447, 47,1
156454, 77,1
156461, 168,
156462, 1,1
156466, 1,1
156470, 10,1
156479, 12,
156486, 99,1
156490, 40,1
156492, 24,1
156495, 99,1
156513, 14,1
156514, 57,2
156525, 31,1
156532, 20,1
156535, 20,1
156541, 12,1
156557, 21,1
156560, 26,1
156563, 91,1
156565, 51,1
156566, 20,1
156568, 73,1
156570, 30,1
156573, 24,1
156576, 16,1
156583, 11,1
156603, 8,1
156606, 80,1
156609, 4,1
156674, 146,1
156675, 15,1
156677, 73,1
156678, 158,2
156679, 1,2
156680, 29,2
156682, 38,1
156683, 46,1
156696, 12,
156702, 5,2
156707, 3,
156731, 6,
156751, 2,1
156771, 1,
156773, 1,
156795, 20,1
156848, 17,1
156850, 6,1
156851, 36,1
156873, 13,1
156878, 3,1
156898, 307,1
156900, 26,1
156912, 291,1
156913, 336,1
156914, 14,1
156948, 31,2
156965, 8,1
156966, 11,1
156969, 1092,1
156970, 1800,2
156971, 8,2
157121, 128,1
157138, 28,2
157139, 172,2
157140, 56,2
157141, 290,2
157143, 275,2
157145, 253,2
157146, 244,2
157147, 40,1
157148, 95,2
157149, 48,2
157150, 174,2
157151, 479,2
157152, 408,2
157153, 0,2
157154, 92,2
157155, 475,2
157156, 0,2
157157, 682,1
157158, 276,2
157159, 328,2
157160, 802,2
157163, 332,2
157164, 371,1
157165, 400,2
157166, 357,2
157168, 180,1
157169, 121,1
157170, 71,1
157173, 86,2
157174, 40,1
157205, 0,1
157206, 314,
157214, 759,1
157216, 415,1
157240, 1,1
157311, 38,1
157312, 185,1
157313, 90,1
157315, 271,1
157316, 130,1
157319, 54,1
157320, 19,1
157321, 15,1
157322, 144,1
157323, 118,1
157324, 80,1
157358, 10,1
157361, 36,2
157369, 136,1
157373, 312,1
157376, 120,1
157377, 100,1
157378, 12,1
157379, 66,1
157380, 168,1
157384, 260,1
157385, 24,1
157386, 393,1
157403, 31,1
157404, 24,1
157487, 274,1
157523, 28,1
157525, 12,1
157526, 51,1
157528, 0,1
157530, 0,1
157531, 134,1
157532, 0,1
157534, 78,1
157538, 167,1
157583, 1,1
157598, 134,2
157695, 176,2
157697, 7,1
157756, 185,1
157758, 498,2
157761, 23,1
157762, 95,1
157763, 30,1
157765, 69,2
157785, 2,
157791, 122,2
157792, 110,2
157812, 181,2
157860, 11,
157882, 9,
157884, 14,
157889, 4,
157890, 13,1
157893, 17,
157895, 9,
157897, 7,
157899, 13,
157901, 5,
157904, 9,1
157905, 20,1
157906, 7,1
157907, 14,1
157908, 9,1
157909, 9,
157911, 9,
157914, 9,
157915, 20,1
157917, 10,1
157922, 40,
157923, 34,
157924, 7,
157926, 1,
157934, 18,1
157935, 7,1
157936, 20,1
157937, 35,1
157938, 10,1
157943, 6,
157945, 15,
157946, 3,1
157947, 7,
157948, 10,
157950, 49,1
157951, 5,1
157952, 8,1
157954, 15,1
157955, 11,1
157956, 20,
157959, 9,1
157962, 10,1
157963, 19,1
157964, 23,1
157966, 31,1
157971, 8,
157973, 10,
157975, 15,1
157978, 9,
157979, 20,
157980, 10,
157983, 7,
157986, 10,1
157988, 5,
157992, 55,1
157998, 10,1
158000, 15,1
158008, 93,2
158019, 9,1
158020, 9,1
158021, 9,1
158023, 16,1
158038, 8,1
158039, 12,
158040, 56,1
158045, 17,1
158049, 7,1
158053, 1,
158054, 42,1
158060, 6,1
158065, 3,1
158069, 6,
158070, 8,1
158073, 5,1
158085, 10,
158086, 7,
158094, 8,
158095, 7,
158096, 14,
158098, 7,
158099, 17,
158105, 16,1
158106, 2,
158107, 10,
158113, 23,
158115, 23,1
158116, 19,1
158124, 4,
158130, 9,
158134, 10,
158135, 10,
158139, 17,1
158141, 16,1
158146, 14,1
158150, 29,1
158151, 18,
158152, 7,
158153, 13,1
158157, 16,1
158163, 10,
158165, 8,1
158168, 5,
158174, 17,1
158177, 1,
158185, 20,1
158187, 10,
158190, 23,1
158194, 12,1
158197, 8,
158218, 10,1
158219, 13,
158220, 16,1
158223, 14,
158224, 8,
158225, 9,1
158239, 25,1
158242, 34,1
158245, 8,
158247, 1,
158266, 25,
158270, 6,1
158271, 14,
158274, 26,1
158275, 5,1
158277, 19,1
158279, 10,
158280, 28,1
158281, 7,
158283, 101,1
158284, 10,
158285, 4,1
158286, 29,1
158287, 5,1
158294, 10,
158296, 3,1
158297, 15,
158298, 12,1
158303, 44,1
158304, 10,1
158305, 5,1
158306, 11,
158307, 5,1
158308, 12,1
158310, 13,1
158312, 13,
158326, 6,1
158329, 12,1
158330, 11,1
158331, 3,1
158332, 22,1
158333, 50,1
158334, 26,1
158336, 11,1
158337, 27,1
158338, 8,1
158339, 17,1
158340, 11,1
158351, 5,1
158352, 10,
158353, 27,1
158354, 7,1
158355, 7,
158358, 6,1
158359, 6,
158360, 6,
158361, 43,1
158362, 15,
158363, 7,
158368, 5,
158377, 5,1
158378, 7,
158379, 6,1
158382, 1,1
158385, 55,1
158386, 27,1
158393, 17,2
158399, 11,1
158403, 6,1
158404, 19,1
158405, 5,1
158406, 14,1
158407, 4,1
158422, 4,
158426, 16,1
158427, 10,
158439, 6,
158443, 8,1
158455, 6,
158458, 936,1
158514, 358,2
158522, 0,1
158525, 27,1
158548, 21,1
158554, 1,1
158561, 2,1
158566, 18,1
158591, 605,2
158592, 618,1
158593, 295,2
158594, 39,
158595, 272,2
158596, 86,1
158598, 4,
158599, 12,1
158609, 29,1
158622, 28,
158627, 55,
158656, 60,1
158660, 16,1
158662, 8,1
158670, 60,2
158724, 18,1
158735, 1,
158736, 36,
158738, 22,
158750, 2,1
158760, 54,1
158783, 8,1
158812, 138,1
158814, 63,2
158818, 19,1
158829, 198,1
158830, 166,1
158831, 42,1
158832, 60,1
158834, 32,1
158862, 1,
158870, 64,1
158883, 5,1
158885, 33,1
158886, 379,1
158898, 15,1
158899, 64,1
158900, 60,1
158901, 29,1
158902, 44,1
158903, 34,1
158912, 336,1
158946, 206,2
158977, 32,
158978, 32,
158979, 28,
158980, 78,
158982, 52,
158987, 78,
158988, 42,
158989, 2,
159010, 23,
159013, 10,
159170, 682,2
159171, 159,1
159172, 225,1
159181, 253,2
159190, 68,1
159192, 0,2
159197, 81,1
159199, 4,2
159232, 42,1
159235, 2,1
159244, 38,1
159245, 10,1
159248, 49,1
159279, 438,1
159281, 551,1
159286, 1234,2
159287, 6,
159296, 312,1
159299, 678,1
159309, 36,1
159310, 12,1
159318, 14,1
159319, 35,1
159340, 5,1
159345, 2925,2
159346, 3335,1
159347, 1167,1
159349, 1239,2
159412, 162,2
159413, 302,2
159414, 14,1
159447, 67,1
159448, 26,1
159449, 32,1
159450, 90,1
159471, 18,1
159474, 32,1
159475, 47,1
159476, 40,1
159508, 30,1
159511, 5,1
159513, 11,1
159514, 16,1
159517, 8,1
159518, 32,1
159522, 37,1
159530, 6,1
159531, 9,1
159532, 9,1
159540, 6,1
159549, 0,2
159550, 42,1
159556, 36,1
159572, 15,1
159573, 82,2
159575, 14,1
159582, 42,2
159583, 13,2
159641, 0,1
159646, 96,1
159647, 162,1
159656, 27,1
159657, 12,1
159658, 133,1
159663, 50,1
159667, 31,2
159671, 120,1
159672, 95,3
159676, 26,1
159690, 36,1
159693, 180,1
159713, 34,1
159714, 147,2
159716, 19,2
159717, 17,2
159718, 4,1
159730, 15,1
159743, 43,1
159744, 9,1
159745, 9,1
159747, 96,2
159751, 232,1
159756, 21,1
159762, 69,1
159764, 228,1
159765, -15,1
159766, 421,1
159767, 4,1
159768, 3,1
159769, 35,1
159771, 53,2
159774, 20,2
159775, 1,
159776, 528,2
159781, 39,2
159785, 0,1
159786, 18,1
159788, 170,
159791, 0,
159792, 264,
159795, 34,1
159797, 18,1
159798, 34,1
159808, 49,1
159809, 57,1
159810, 470,2
159811, 134,1
159812, 243,1
159813, 8,1
159817, 120,2
159819, 26,2
159820, 168,1
159822, 156,1
159825, 18,1
159826, 2,1
159841, 35,1
159846, 9,1
159848, 10,1
159849, 12,1
159874, 24,1
159875, 6,
159888, 240,1
159894, 294,1
159895, 19,
159897, 342,2
159899, 108,
159910, 3,1
159911, 9,1
159913, 7,1
159914, 17,1
159915, 7,1
159916, 28,1
159920, 94,1
159921, 138,1
159922, 41,1
159976, 12,
159977, 1,
159986, 0,2
159990, 180,1
160106, 85,2
160112, 46,1
160114, 15,1
160116, 4,1
160117, 21,1
160120, 10,2
160122, 6,1
160132, 30,1
160161, 56,1
160251, 51,1
160252, 4,1
160257, 167,1
160265, 1,
160267, 10,2
160274, 29,
160318, 173,2
160319, 1,
160327, 268,2
160328, 107,2
160371, 141,1
160372, 137,1
160373, 117,1
160374, 116,1
160375, 89,1
160376, 48,1
160377, 96,1
160378, 50,1
160379, 86,1
160415, 54,2
160419, 44,
160427, 39,
160446, 3,1
160448, 7,
160454, 72,1
160455, 0,1
160480, 54,1
160488, 306,1
160489, 42,1
160495, 4,
160496, 56,1
160497, 14,1
160723, 10,2
160724, -6,2
160726, 50,2
160731, 16,1
160733, 11,1
160735, 4,2
160737, 4,2
160741, 75,2
160742, 1427,2
160946, 1,
160959, 1,2
160963, 1159,2
160977, 13,1
160978, 11,1
161086, 6,1
161089, 2500,
161119, 6,1
161149, 8,
161156, 51,1
161169, 100,1
161206, 1,1
161228, 40,1
161232, 4,1
161244, 10,1
161252, 24,1
161290, 3,1
161309, 28,1
161313, 11,1
161380, 7,1
161382, 23,1
161421, 47,1
161429, 1,1
161456, 1,1
161471, 1,1
161481, 2,1
161493, 1,1
161498, 3,1
161589, 59,1
161600, 40,1
161660, 10,1
161692, 0,1
161728, 189,1
161736, 24,1
161745, 46,1
161749, 15,1
161761, 43,1
161770, 4,1
161793, 3,
161813, 22,
161849, 4,
161860, 5,1
161864, 1,
161895, 16,1
161912, 348,1
161917, 382,2
161923, 4018,2
161925, 96,
161929, 1,
161930, 1,
161947, 1,1
161962, 66,2
161964, 91,2
161965, 1,
161985, 1443,2
161992, 94,1
161993, 16,1
161994, 6,
161995, 6,
161999, 44,1
162001, 122,1
162002, 47,1
162003, 89,1
162004, 50,1
162005, 54,1
162008, 10,1
162060, 17,
162066, 48,1
162067, 182,1
162068, 226,1
162069, 96,1
162070, 47,1
162071, 45,1
162074, 0,1
162080, 192,2
162081, 0,1
162082, 0,1
162083, 18,1
162085, 2,
162094, 46,2
162096, 600,
162097, 19,1
162098, 1,
162101, 0,1
162102, 31,1
162106, 10,1
162107, 46,
162109, 2,1
162117, 53,1
162118, 115,1
162120, 209,1
162121, 45,1
162122, 46,1
162124, 123,1
162125, 5,1
162126, 98,1
162134, 227,2
162139, 42,1
162147, 64,1
162160, 4,1
162166, 5,1
162197, 205,2
162198, 599,1
162199, 1104,1
162200, 22,1
162205, 9,1
162210, 4,1
162212, 5,
162214, 5,
162217, 32,1
162220, 547,1
162221, 444,1
162225, 1,1
162226, 349,1
162227, 24,1
162230, 6,
162237, 4,1
162238, 6,1
162241, 279,2
162251, 1,1
162254, 22,1
162255, 5,1
162263, 1,
162266, 3,1
162267, 11,1
162272, 106,1
162277, 1,2
162283, 1044,1
162284, 38,1
162290, 7,
162295, 372,2
162302, 1,1
162307, 14,
162311, 4,1
162312, 34,
162328, 10,
162329, 28,1
162332, 3,
162345, 30,1
162356, 2,1
162384, 42,2
162392, 6,
162398, 1,1
162400, 23,1
162401, 11,1
162402, 5,1
162403, 57,1
162404, 126,1
162405, 866,1
162407, 4,1
162410, 7,1
162423, 6,1
162424, 11,1
162428, 10,1
162430, 9,1
162433, 7,1
162439, 76,1
162444, 257,2
162464, 200,2
162468, 311,2
162470, 61,
162474, 107,1
162475, 145,1
162476, 68,2
162486, 3,1
162515, 1,1
162518, 3840,1
162529, 46,1
162530, 20,1
162531, 1,1
162532, 35,
162533, 9,1
162534, 374,1
162535, 17,
162538, 66,
162539, 12,1
162540, 25,1
162545, 107,2
162548, 10,1
162552, 90,1
162569, 364,2
162571, 10,
162572, 6,1
162577, 6,
162581, 4,1
162583, 10,1
162584, 8,1
162585, 1,1
162586, 5,
162587, 2,1
162588, 6,1
162589, 5,1
162590, 43,1
162591, 9,1
162592, 2,1
162593, 9,1
162594, 1,1
162595, 10,
162596, 8,1
162597, 5,
162598, 10,1
162599, 5,
162600, 10,1
162601, 0,1
162602, 6,
162605, 2,1
162606, 7,1
162608, 8,1
162609, 113,1
162611, 5,1
162613, 36,1
162614, 2,1
162615, 36,1
162616, 8,2
162618, 3,1
162619, 2,1
162621, 9,2
162622, 82,1
162623, 778,1
162624, 174,2
162625, 37,1
162627, 189,2
162628, 13,1
162633, 32,1
162637, 34,
162641, 56,2
162642, 484,2
162643, 32,1
162648, 36,2
162650, 10,1
162651, 48,2
162653, 483,1
162654, 152,1
162762, 97,2
162763, 38,2
162766, 10,1
162768, 12,2
162769, -12,2
162770, 12,1
162833, 72,1
162834, 90,2
162835, 216,2
162836, 76,2
162837, 60,2
162840, 44,2
162860, 146,1
162863, 186,2
162865, 120,2
162895, 164,2
162898, 0,2
162899, 47,1
162901, 1,
162903, 327,1
162928, 1,
162941, 40,1
162942, 462,2
162951, 6,3
162954, 467,1
162963, 5,1
163078, 16,2
163079, 79,2
163081, 124,2
163083, 186,2
163084, 90,2
163113, 15,1
163114, 7,1
163117, 7,1
163119, 3,1
163121, 8,1
163122, 48,1
163123, 20,1
163125, 7,1
163127, 4,1
163128, 5,1
163131, 14,
163132, 0,1
163159, 334,
163160, 30,1
163163, 116,
163176, 120,1
163177, 14,1
163178, 54,1
163179, 171,1
163198, 11,1
163205, 4,1
163208, 53,
163224, 132,1
163225, 89,1
163226, 22,2
163229, 140,1
163236, 2,1
163239, 96,1
163243, 64,1
163245, 71,2
163248, 68,1
163250, 16,2
163254, 1,1
163262, 1,
163266, 9,1
163267, 72,1
163272, 1070,2
163277, 2543,2
163278, 893,1
163279, 3565,2
163280, 8481,1
163281, 1791,2
163283, 3528,2
163284, 3568,2
163285, 0,1
163287, 5393,2
163288, 6917,2
163289, 11,2
163290, 19491,2
163291, 3056,2
163292, 4585,1
163293, 1273,1
163294, 3283,1
163295, 1223,2
163296, 806,2
163299, 1120,1
163300, 5611,2
163301, 13349,2
163303, 12212,1
163304, 3240,1
163305, 21522,2
163308, 1910,2
163309, 423,2
163310, 1359,2
163311, 2255,2
163312, 2430,1
163313, 10236,1
163314, 4205,2
163315, 120,1
163316, 33,2
163317, 36,1
163318, 19,1
163339, 10,1
163353, 93,
163360, 4,
163362, 4,
163389, 227,1
163392, 250,3
163393, 438,1
163449, 10,1
163450, 16,1
163456, 46,2
163525, 10,
163589, 21,1
163625, 161,1
163663, 141,
163702, 86,
163707, 1,
163722, 276,2
163763, 565,1
163764, 332,2
163770, 18,1
163797, 1,1
163865, 1,
163879, 1,1
163911, 0,1
163917, 13,
163944, 1,
163947, 5,1
163948, 7,1
163950, 3,1
163961, 5,1
163962, 3,1
163963, 4,1
163964, 5,1
163966, 10,1
163967, 45,1
163968, 57,1
163969, 2,1
163971, 10,1
163972, 1,1
163975, 6,1
163976, 4,1
163978, 5,1
163982, 3,1
163984, 11,1
163985, 10,1
163986, 3,1
163987, 1,1
163988, 8,1
163989, 46,1
163993, 140,2
163997, 8,1
163998, 154,2
164000, 17,1
164001, 1,
164002, 15,1
164006, 24,1
164007, 5,
164008, 54,1
164042, 0,2
164043, 214,2
164044, 418,2
164065, 1,1
164069, 21,
164072, 10,1
164076, 218,1
164077, 166,1
164078, 180,1
164084, 101,1
164085, 99,1
164086, 0,1
164123, 13,
164124, 266,1
164125, 56,
164130, 61,
164135, 4,
164137, 70,
164138, 30,1
164139, 31,1
164140, 26,
164145, 2030,1
164158, 8,
164166, 9,1
164168, 22,2
164172, 100,
164198, 22,1
164200, 15,1
164205, 1152,
164208, 32,1
164209, 20,1
164226, 23,
164228, 6,
164235, 14,
164245, 1305,2
164246, 66,2
164247, 0,2
164258, 16,2
164259, -13,2
164260, 993,2
164261, 120,2
164262, 228,2
164263, 240,2
164264, 1029,2
164268, 32,1
164269, 27,2
164272, 12,
164273, 12,
164276, 98,1
164289, 68,2
164309, 0,2
164310, 1,1
164341, 3,1
164342, 8,1
164349, 710,2
164350, 5,1
164400, 13,
164423, 7,1
164424, 8,
164425, 3,
164428, 27,1
164429, 47,1
164430, 17,1
164431, 12,1
164432, 9,1
164435, 39,1
164436, 312,
164438, 5,1
164440, 0,1
164441, 21,1
164442, 8,1
164443, 628,2
164462, 14,2
164465, 72,
164479, 2,1
164480, 4,1
164483, 2,1
164484, 3,1
164485, 3,1
164487, 32,1
164492, 4,1
164493, 1,
164521, 53,
164529, 12,1
164532, 12,1
164533, 20,1
164534, 60,1
164569, 7,1
164570, 13,1
164571, 7,1
164572, 4,1
164573, 6,1
164577, 1,1
164590, 7,
164592, 203,1
164593, 0,1
164594, 55,1
164595, 190,2
164597, 186,1
164598, 42,1
164599, 325,1
164601, 5,1
164602, 2,
164607, 35,1
164608, 15,1
164610, 4,
164622, 17,1
164624, 20,1
164625, 14,1
164626, 11,1
164628, 2,
164631, 16,1
164632, 546,2
164635, 22,1
164637, 4,
164639, 6,
164646, 45,
164647, 11,
164648, 10,
164649, 4,
164650, 9,
164651, 3,
164656, 26,
164657, 22,
164659, 1,
164660, 1,
164664, 54,
164701, 40,2
164705, 1321,1
164706, 3434,
164707, 12,1
164708, 19,1
164718, 59,2
164719, 275,1
164724, 2,
164725, 3,
164732, 11,
164733, 1,
164734, 18,
164742, 44,1
164767, 113,1
164768, 42,1
164769, 70,1
164770, 35,1
164771, 10,1
164773, 16,1
164774, 22,1
164777, 22,2
164784, 35,2
164788, 14,2
164789, 6,2
164790, 31,1
164794, 84,2
164798, 128,1
164800, 4,
164802, 1,1
164820, 4,1
164827, 2,1
164842, 51,1
164854, 10,1
164856, 305,1
164857, 18,1
164858, 80,1
164861, 43,1
164862, 61,1
164863, 13,1
164864, 9,1
164865, 29,1
164866, 5,1
164867, 4,1
164868, 41,1
164869, 49,1
164870, 71,1
164874, 8,1
164875, 21,1
164885, 3,
164886, 11,
164892, 35,1
164893, 33,1
164894, 48,1
164895, 50,1
164907, 15,1
164909, 3,1
164923, 7,1
164924, 53,2
164928, 286,2
164930, 120,1
164934, 158,1
164936, 7,
164942, 2,
164947, 8,
164948, 1,
164949, 7,
164951, 2,
164952, 54,1
164956, 43,1
164957, 11,1
164959, 160,1
164968, 2250,2
164969, 523,2
164970, 6,1
164971, 52,1
164972, 9,
164973, 6,1
164974, 15,1
164976, 66,1
164977, 47,1
164978, 77,1
164979, 15,1
164980, 27,1
164982, 7,1
164983, 27,1
164985, 120,1
164986, 198,
164989, 48,1
164991, 10,1
164992, 14,1
164994, 78,1
164995, 28,1
164996, 31,1
164997, 20,1
164998, 30,1
164999, 19,1
165000, 12,1
165001, 33,1
165002, 24,1
165003, 17,1
165007, 1,
165008, 8,
165011, 4,
165012, 16,
165013, 6,
165037, 11,1
165038, 14,1
165039, 13,1
165042, 5,1
165043, 78,2
165047, 152,2
165048, 0,1
165051, 8,1
165056, 7,1
165057, 2,1
165058, 900,2
165060, 114,1
165061, 57,1
165062, 217,1
165063, 39,1
165079, 9,2
165083, 13,2
165085, 41,2
165095, 72,1
165114, 1,1
165186, 1,
165187, 8,
165454, 12,2
165457, 4,
165458, 71,2
165460, 340,
165462, 82,
165478, 1,1
165489, 532,1
165491, 43,1
165493, 40,1
165494, 175,1
165506, 59,1
165509, 9,1
165514, 1,2
165515, 1,2
165520, 48,1
165521, 228,1
165522, 511,1
165523, 94,1
165524, 24,1
165533, 6,
165537, 441,
165538, 15,1
165542, 30,1
165546, 0,1
165555, 6,
165556, 3,
165562, 20,
165566, 22,
165595, 20,1
165602, 6864,2
165610, 226,1
165611, 60,1
165612, 231,2
165629, 19,
165643, 280,
165645, 27,1
165651, 18,1
165652, 18,1
165653, 18,1
165678, 45,2
165688, 27,
165693, 23,1
165694, 15,1
165697, 18,2
165704, 55,1
165705, 280,1
165706, 6,1
165708, 0,2
165711, 15,1
165718, 104,1
165721, 4,1
165737, 0,2
165739, 89,1
165742, 270,1
165743, 3036,2
165748, 116,1
165750, 0,1
165752, 1,2
165753, 122,1
165794, 732,1
165795, 35,1
165796, 0,1
165799, 6,
165800, 6,
165801, 24,
165802, 9,
165820, 20,1
165835, 232,1
165840, 56,1
165861, 10,1
165862, 32,1
165864, 1,1
165865, 5,1
165866, 18,1
165870, 264,2
165875, 21,
165878, 6674,2
165899, 101,1
165900, 60,2
165901, 2143,2
165902, 1745,2
165920, 2,
165924, 1059,2
165975, 383,1
166006, 1,
166013, 274,1
166014, 1,
166024, 423,1
166033, 196,2
166057, 5,
166065, 5,
166072, 14,1
166073, 2,
166080, 1,1
166096, 250,1
166100, 24,1
166101, 2606,1
166105, 545,2
166106, 612,3
166146, 0,1
166147, 679,1
166149, 121,1
166150, 503,1
166151, 168,1
166153, 88,1
166155, 160,1
166157, 316,1
166187, 76,1
166214, 40,
166258, 1,1
166271, 124,1
166274, 57,2
166275, 22,1
166276, 3538,1
166278, 644,1
166281, 3471,2
166303, 16,1
166304, 3,1
166313, 1360,2
166385, 7,
166386, 17,
166387, 18,
166388, 19,
166389, 138,1
166399, 8,1
166402, 2,
166406, 10,
166419, 235,1
166420, 642,1
166421, 136,2
166422, 1633,2
166426, 42,
166427, 93,
166440, 14,1
166441, 7,1
166442, 7,1
166443, 6,1
166444, 11,1
166445, 22,1
166446, 5,1
166447, 8,1
166457, 117,1
166458, 0,2
166475, 22,1
166476, 32,1
166480, 7,1
166484, 143,
166485, 41,
166505, 1,1
166513, 54,1
166514, 22,2
166562, 5,
166564, 1,
166567, 1,
166579, 2,1
166588, 3,1
166597, 32,1
166758, 30,1
167045, 21,1
168157, 18,
168602, 28,1
168618, 3,
168619, 5,1
168620, 3,1
168657, 8,
168664, 7,
168677, 9,
168684, 6,1
168685, 3,1
168702, 5,
168711, 36,1
168712, 6,
168727, 26,
168731, 6,
168734, 8,1
168739, 2,1
168741, 3,1
168742, 3,1
168751, 867,2
168758, 4,1
168784, 1,
168797, 14,1
168802, 2,1
168803, 1,1
168807, 2,1
168989, 40,
169719, 22,1
169720, 26,1
169721, 1,
169722, 2,
169723, 11,1
169724, 31,1
169725, 2,
169730, 37,2
169731, 13,1
169733, 9,1
169734, 26,1
169735, 232,1
169740, 5,
169743, 6,
169744, 24808,2
169747, 334,
169748, 229,1
170024, 755,1
170849, 69,1
171274, 6,2
171284, 469,2
171285, 0,2
171287, 0,2
171289, 211,1
171292, 6,1
171293, 162,1
171294, 2,
171295, 134,1
171296, 1000,1
171304, 288,
171306, 14,1
171326, 117,1
171328, 6,1
171331, 116,2
171340, 24,1
171345, 1,1
171350, 28,1
171355, 990,2
171360, 125,1
171361, 637,2
171362, 50,1
171376, 740,1
171380, 18,1
171381, 357,1
171382, 53,1
171383, 74,1
171384, 1,
171387, 195,1
171388, 204,1
171395, 19,
171405, 16,
171416, 27,1
171417, 13,1
171419, 2,1
171420, 33,1
171421, 26,1
171423, 40,1
171424, 14,1
171425, 39,1
171427, 574,1
171428, 64,1
171430, 4,1
171433, 71,1
171434, 11,1
171440, 84,2
171441, 80,2
171449, 21,
171450, 88,2
171453, 21,
171455, 11,
171465, 20,1
171466, 4,1
171467, 2,1
171468, 4,1
171489, 22,
171494, 8,
171495, 18,
171501, 14,
171502, 6,
171504, 22,
171522, 20,1
171527, 6,1
171531, 53,1
171532, 83,1
171533, 103,
171536, 9,1
171537, 3,
171541, 47,1
171542, 11,1
171543, 1,2
171544, 127,2
171561, 12,
171562, 731,2
171565, 1469,2
171568, 230,1
171571, 2060,1
171578, 36,
171581, 1,1
171582, 18,1
171584, 131,2
171593, 1,1
171605, 9,
171607, 9,
171608, 21,
171614, 19,
171615, 2,
171616, 14,
171618, 13,
171619, 22,
171621, 1,
171622, 23,
171625, 15,
171635, 294,2
171639, 305,2
171640, 11,1
171641, 6,1
171663, 332,1
171664, 9,1
171666, 7,1
171667, 60,1
171668, 57,1
171669, 64,1
171670, 32,1
171695, 1,
171719, 1,
171724, 1,1
171726, 20,1
171727, 32,1
171730, 1,
171738, 5,1
171739, 38,1
171745, 5,
171746, 1272,2
171747, 10,1
171754, 6,
171780, 26,
171787, 1052,2
171788, 978,1
171795, 2,
171807, 48,2
171810, 0,2
171812, 18,1
171814, 70,1
171815, 12,1
171816, 60,1
171817, 6,1
171818, 18,2
171820, 32,1
171821, 45,1
171823, 84,1
171824, 59,2
171832, 36,
171833, 177,1
171840, 6,1
171843, 550,1
171848, 2,1
171849, 11,1
171852, 58,1
171854, 5,1
171855, 4,1
171858, 18,
171861, 2,
171863, 205,2
171864, 1,1
171867, 4,
171872, 232,1
171875, 1,
171876, 2,1
171885, 8,1
171886, 6,1
171888, 8,1
171891, 8,1
171896, 14,
171899, 6,
171901, 635,2
171905, 23,1
171906, 92,1
171907, 25,1
171909, 206,1
171911, 12,1
171912, 91,1
171913, 14,
171914, 26,1
171915, 25,1
171916, 250,1
171917, 292,1
171920, 36,2
171929, 1018,1
171931, 47,1
171932, 9,2
171933, 124,2
171936, 12,1
171937, 13,1
171947, 1,
172065, 6,
172069, 33,1
172089, 34,1
172093, 11,1
172094, 9,1
172095, 3,
172096, 31,1
172097, 26,2
172098, 80,2
172099, 10,1
172100, 106,1
172101, 22,1
172105, 1,
172118, 208,2
172119, 2757,2
172120, 3207,1
172124, 15,1
172125, 22,2
172128, 25,2
172129, 21,1
172131, 2,1
172133, 8,
172135, 44,1
172136, 19,1
172137, 37,1
172138, 6,1
172150, 326,1
172151, 364,1
172152, 3,1
172153, 10,1
172158, 25,1
172159, 6,1
172160, 5,
172165, 8,
172166, 36,
172167, 10,
172173, 109,2
172175, 347,1
172176, 319,2
172178, 334,2
172185, 5,1
172186, 54,1
172188, 9,1
172189, 7,1
172219, 36,
172245, 2,2
172246, 1,
172304, 106,1
172306, 5,
172309, 2,
172314, 1,1
172315, 69,1
172317, 4,1
172318, 0,2
172319, -3,2
172321, 18,
172333, 8,1
172335, 20,1
172336, 55,1
172338, 1,1
172344, 12,1
172345, 89,1
172346, 84,2
172347, 644,2
172348, 110,2
172355, 1,
172358, 3,
172359, 2,1
172361, 5,
172363, 2,
172368, 3,1
172369, 11,1
172390, 8,2
172395, 1056,2
172396, 985,2
172399, 375,2
172400, 1829,1
172402, 8,1
172405, 1,1
172418, 3,1
172430, 1,
172447, 7,1
172448, 100,1
172450, 2,1
172481, 32,
172492, 14,1
172502, 1,1
172504, 23,1
172507, 1,1
172509, 2,1
172510, 54,2
172521, 29,1
172522, 100,2
172523, 437,2
172524, 54,1
172525, 120,2
172526, 60,2
172527, 128,2
172528, 189,1
172541, 226,1
172542, 12,1
172545, 9,
172548, 6,
172552, 12,1
172558, 4,
172559, 12,
172563, 1,
172565, 1,1
172586, 30,1
172597, 13,
172607, 879,1
172612, 5,
172615, 252,1
172617, 70,1
172619, 12,2
172622, 35,2
172623, 543,2
172624, 79,
172631, 280,
172634, 1093,2
172636, 688,2
172639, 136,1
172640, 176,1
172641, 8,1
172658, 3,1
172660, 10,1
172666, 18,1
172668, 2,1
172669, 30,1
172670, 10,1
172672, 4,
172676, 104,1
172679, 16,
172680, 9,1
172684, 99,1
172687, 30,1
172689, 78,2
172690, 319,2
172703, 43,
172704, 160,2
172706, 6,
172709, 344,2
172720, 217,2
172722, 16,1
172724, 29,1
172730, 102,1
172732, 123,1
172733, 185,1
172734, 22,
172735, 10,
172736, 14,
172737, 12,
172738, 2,
172739, 1,
172740, 8,
172741, 49,2
172746, 36,2
172756, 10,
172759, -12,1
172769, 10,1
172770, 10,1
172771, 14,1
172772, 7,1
172773, 3,1
172774, 19,1
172775, 6,1
172776, 10,1
172777, 2,1
172778, 49,1
172787, 31,1
172789, 42,
172798, 155,2
172816, 142,1
172823, 14,1
172838, 14,1
172839, 46,1
172840, 14,1
172841, 7,1
172851, 1,
172853, 27,1
172854, 9,1
172855, 23,1
172859, 144,1
172863, 4,
172866, 7,
172867, 38,1
172869, 16,
172870, 44,
172871, 18,
172872, 16,
172874, 8,
172875, 8,
172877, 5,
172879, 8,1
172880, 29,1
172881, 20,
172882, 41,1
172883, 27,
172886, 13,
172887, 21,
172889, 6,
172890, 6,
172891, 14,
172892, 12,
172893, 21,
172894, 35,
172895, 13,
172896, 12,
172897, 6,
172898, 27,
172899, 29,
172900, 3,
172904, 31,
172909, 38,2
172913, 20,1
172919, 107,2
172922, 4,1
172924, 2,1
172925, 6,
172930, 240,2
172932, 49,
172956, 41,1
172957, 167,
172961, 145,1
172962, 0,2
172965, 179,1
172966, 96,2
172967, 123,2
172968, 187,2
172974, 1,
172983, 27,1
172987, 17,1
172988, 12,1
172989, 14,1
172995, 7,1
172997, 91,1
172998, 19,1
172999, 0,1
173001, 280,1
173002, 390,1
173015, 1717,2
173042, 1,1
173045, 1,
173046, 6,
173050, 3,1
173051, 1,1
173052, 1,1
173053, 4,1
173064, 3,1
173068, 12,1
173072, 4,2
173073, 32,1
173074, 1,1
173075, 8,1
173076, 47,2
173077, 56,2
173080, 0,2
173081, 7,1
173083, 0,2
173084, 0,2
173091, 520,2
173092, 0,1
173093, 88,1
173094, 4,1
173097, 170,1
173100, 129,2
173101, 120,1
173102, 23,2
173106, 14,1
173109, 348,2
173111, 141,2
173112, 12,2
173115, 36,1
173116, 6,
173123, 8,1
173129, 2,
173130, 0,1
173133, 3,1
173134, 1,1
173135, 7,1
173137, 52,1
173145, 1574,2
173146, 411,1
173150, 21,
173151, 14,
173157, 444,1
173159, 151,1
173162, 3,
173167, 81,1
173170, 178,2
173171, 144,2
173173, 56,2
173175, 8,1
173178, 14,
173179, 22,
173181, 144,
173183, 1,
173185, 16,
173186, 1,
173187, 20,
173189, 264,
173199, 35,
173200, 100,
173202, 26,
173207, 12,
173208, 35,1
173223, 0,2
173228, 56,2
173229, 13,1
173230, 31,2
173231, 4,2
173233, 2,1
173234, 8,2
173235, 67,2
173237, 14,2
173238, 0,2
173239, 98,2
173240, 269,1
173245, 2,
173247, 14,
173250, 4,
173252, 12,
173255, 25,
173257, 47,1
173259, 21,1
173262, 49,
173264, 2,
173270, 422,2
173271, 1458,1
173274, 582,1
173275, 841,1
173276, 457,2
173279, 440,2
173280, 17,1
173281, 6,1
173283, 0,2
173284, 18,1
173287, 76,1
173288, 48,1
173290, 11,1
173291, 6,2
173292, 108,
173295, 5,1
173296, 2,
173297, 7,
173298, 41,1
173300, 24,
173302, 13,1
173304, 10,1
173305, 28,1
173306, 30,1
173308, 90,2
173313, 44,1
173315, 6,1
173316, 104,1
173317, 77,1
173318, 522,1
173319, 47,1
173321, 6,
173322, 596,1
173323, 4,
173324, 22,2
173325, 0,1
173328, 30,1
173329, 1740,2
173331, 54,1
173334, 104,1
173337, 0,1
173338, 144,2
173340, 6,1
173345, 9,1
173347, 47,2
173349, 18,1
173350, 31,
173351, 15,
173353, 24,
173355, 22,
173357, 8,
173359, 3,1
173363, 8,
173364, 25,
173365, 27,
173366, 15,1
173370, 6,
173372, 9,
173373, 15,1
173374, 17,
173375, 4,
173378, 10,
173380, 50,
173381, 60,1
173383, 4500,1
173390, 10,1
173393, 1056,1
173395, 23,1
173398, 11,1
173400, 13,1
173401, 6,1
173402, 2,
173403, 10,1
173405, 71,1
173406, 19,1
173408, 37,1
173409, 26,1
173411, 111,1
173412, 27,1
173413, 4,
173414, 134,1
173415, 2,1
173417, 15,1
173418, 10,
173420, 126,1
173421, 11,1
173422, 18,1
173423, 6,
173424, 48,2
173425, 28,1
173426, 255,1
173433, 1,1
173434, 81,1
173435, 403,1
173439, 33,1
173441, 19,1
173443, 40,
173450, 66,1
173452, 94,2
173465, 5,1
173468, 4,1
173469, 2,1
173470, 4,1
173472, 5,1
173473, 12,1
173474, 2,1
173475, 1,1
173483, 6,
173487, 282,1
173490, 51,
173498, 20,1
173539, 12,
173559, 18,
173561, 3,
173562, 2,
173563, 1,
173564, 2,
173565, 1,
173568, 10,
173569, 1,
173573, 2,1
173574, 8,1
173807, 9,1
173810, 3,1
173857, 12,1
173912, 21,1
174040, 7,1
174050, 27,1
174051, 11,1
174052, 10,1
174085, 6,
174478, 2,1
174490, 100,1
174494, 461,1
174530, 96,1
174561, 6,1
174577, 6,
174580, 440,1
174585, 1,1
174587, 67,1
174588, 43,1
174589, 31,1
174590, 70,1
174591, 77,2
174592, 20,1
174605, 2,
174606, 4,
174631, 262,2
174632, 102,1
174634, 1,1
174661, 118,2
174663, 68,2
174664, 43,2
174666, 306,1
174668, 2,
174685, 44,1
174690, 2,
174691, 2,
174700, 19,
174702, 80,
174704, 68,
174708, 749,2
174709, 3424,2
174710, 1272,2
174711, 4347,2
174712, 388,1
174713, 21,1
174714, 1224,2
174727, 138,1
174730, 10,
174732, 38,1
174733, 121,2
174739, 35,1
174741, 8,2
174743, 1788,2
174744, 1170,1
174771, 37,1
174795, 35,1
174796, 93,1
174801, 23,
174805, 8,2
174806, 44,
174807, 545,2
174810, 1,
174811, 7,
174815, 36,
174818, 18,1
174819, 15,1
174820, 15,1
174834, 5,1
174837, 5,1
174839, 4,1
174840, 16,
174851, 83,1
174875, 2,
174886, 5,
174896, 8,
174897, 82,1
174898, 9,1
174899, 12,1
174900, 19,1
174901, 13,1
174902, 83,2
174903, 13,
174904, 0,2
174905, 170,1
174906, 27,1
174930, 66,
174949, 3,
174950, 3,
174952, 3,
174957, 4,
174961, 3,
174968, 11,1
174988, 6,
175011, 20,1
175012, 21,2
175014, 220,2
175015, 1,
175022, 1,1
175025, 4,
175028, 4,
175034, 344,1
175051, 0,1
175053, 16,1
175054, 4,1
175057, 246,
175061, 38,1
175063, 4,
175064, 75,1
175066, 190,1
175068, 16,1
175069, 49,1
175070, 52,
175071, 13,1
175072, 81,
175073, 29,1
175074, 32,1
175077, 57,
175123, 2,
175130, 10,1
175133, 24,2
175137, 644,2
175142, 28,1
175144, 336,1
175145, 184,2
175146, 8,1
175147, 22,1
175151, 17,1
175152, 192,2
175153, 21,1
175154, 75,1
175155, 292,1
175156, 223,2
175158, 592,1
175162, 285,1
175163, 23,
175166, 123,1
175167, 84,1
175168, 46,1
175170, 26,1
175177, 6,1
175178, 27,1
175180, 263,1
175181, 2081,2
175182, 327,2
175184, 27,1
175186, 11,1
175187, 23,1
175188, 12,1
175189, 62,1
175190, 6,1
175192, 989,1
175194, 5,1
175195, 42,1
175196, 6,1
175197, 32,1
175198, 46,1
175201, 24,1
175202, 144,1
175203, 6,1
175204, 53,1
175205, 41,1
175206, 25,1
175207, 160,2
175208, 72,1
175209, 127,2
175210, 25,1
175211, 10,1
175212, 31,1
175213, 232,2
175214, 23,1
175215, 15,1
175216, 1098,2
175217, 473,2
175218, 14,1
175219, 3,1
175242, 4,
175248, 2,
175263, 29,1
175264, 33,1
175265, 4,1
175266, 102,1
175268, 23,1
175269, 18,1
175270, 48,1
175271, 85,1
175272, 12,1
175273, 5,1
175274, 20,1
175275, 11,1
175276, 15,1
175277, 10,1
175279, 7,1
175280, 88,1
175281, 6,1
175292, 96,1
175299, 128,
175321, 5,1
175336, 22,1
175338, 3,1
175340, 7,1
175341, 14,1
175342, 12,1
175345, 896,
175346, 33,1
175347, 14,1
175348, 31,1
175355, 310,1
175356, 709,
175357, 321,1
175358, 326,1
175359, 118,1
175360, 326,1
175373, 340,1
175374, 54,1
175380, 2,
175397, 184,
175398, 187,1
175399, 211,1
175408, 61,
175409, 75,
175410, 56,
175411, 68,
175412, 40,
175413, 72,
175414, 2575,1
175422, 10,1
175424, 130,1
175432, 11,1
175440, 685,1
175441, 2576,
175442, 1374,1
175443, 1483,1
175444, 331,
175445, 1784,
175460, 11,1
175469, 128,1
175470, 254,1
175471, 204,1
175472, 257,2
175473, 350,1
175481, 42,1
175482, 7,1
175485, 24,1
175487, 13,1
175490, 12,1
175492, 616,1
175496, 34,1
175514, 756,1
175515, 122,1
175516, 0,2
175523, 0,1
175525, 7,1
175526, 152,1
175527, 144,1
175528, 126,1
175529, 329,1
175530, 647,1
175531, 200,1
175532, 22,1
175533, 203,1
175534, 4,1
175535, 39,1
175536, 55,1
175537, 9,1
175538, 96,1
175539, 12,1
175540, 0,1
175541, 99,1
175542, 19,1
175543, 90,1
175544, 30,1
175547, 80,1
175558, 1072,2
175562, 60,2
175566, 499,1
175567, 1239,1
175568, 0,1
175569, 120,1
175571, 45,1
175574, 211,1
175576, 898,1
175577, 602,1
175578, 1365,1
175579, 446,1
175580, 1215,1
175581, 0,1
175585, 60,1
175586, 0,1
175587, 51,1
175588, 280,1
175590, 168,1
175592, 328,1
175593, 280,1
175594, 47,1
175596, 45,1
175598, 27,
175600, 240,1
175601, 164,1
175603, 27,1
175604, 30,1
175605, 32,1
175606, 220,1
175607, 27,1
175608, 31,1
175609, 120,1
175610, 2,1
175612, 14,1
175616, 154,2
175618, 0,1
175619, 75,1
175622, 104,2
175624, 210,2
175626, 67,2
175628, 192,1
175635, 697,2
175636, -2,2
175637, 503,2
175638, 1824,2
175639, 69,2
175640, 39,2
175641, 151,1
175642, 65,2
175643, 114,2
175644, 141,1
175651, 401,2
175653, 339,1
175657, 27,2
175658, 116,2
175659, 80,2
175660, 295,1
175661, 208,2
175662, 0,1
175663, 162,1
175664, 314,2
175665, 350,1
175667, 253,2
175668, 240,2
175669, 269,1
175670, 216,1
175671, 261,1
175672, 185,1
175677, 43,2
175678, 7,1
175679, 32,2
175680, 420,
175685, 384,2
175687, 9,1
175693, 21,1
175694, 1,
175701, 152,
175703, 47,2
175704, 4,1
175706, 13,1
175708, 65,1
175709, 424,1
175710, 414,1
175711, 62,1
175712, 88,1
175713, 149,1
175714, 107,1
175716, 1,2
175717, 79,1
175727, 6,2
175733, 622,1
175734, 16,1
175735, 42,1
175736, 99,1
175740, 156,2
175749, 281,
175750, 259,1
175755, 52,1
175756, 4,1
175757, 450,2
175758, 1503,1
175759, 2088,1
175760, 3,
175774, 8,1
175776, 123,1
175777, 12,
175779, 490,2
175780, 473,2
175781, 302,2
175790, 1,
175795, 16,1
175796, 43,1
175798, 109,1
175801, 12,
175804, 4,
175815, 4,1
175838, 227,2
175858, 4,1
175859, 3,1
175860, 2,
175861, 13,1
175862, 5,2
175863, 9,1
175864, 3,1
175865, 2248,2
175866, 14,1
175884, 1,1
175907, 166,1
175908, 255,2
175910, 16,1
175911, 10,1
175912, 15,1
175913, 67,1
175914, 47,1
175915, 52,
175917, 20,
175918, 22,
175919, 39,1
175920, 45,
175921, 37,1
175922, 10,1
175923, 34,
175924, 22,1
175925, 246,1
175926, 39,1
175927, 7,1
175928, 26,1
175929, 102,1
175930, 84,1
175931, 115,1
175932, 63,1
175933, 14,1
175934, 15,1
175935, 16,1
175936, 263,1
175937, 43,1
175941, 1,
175942, 90,2
175950, 181,1
175951, 2,
175952, 3,1
175953, 69,1
175956, 136,1
175959, 48,2
175970, 2,1
175971, 90,1
175972, 71,1
175977, 65,2
175981, 12,
175982, 2,
176030, 1,1
176050, 1,
176051, 2,2
176052, 1,
176055, 35,1
176056, 20,1
176118, 2937,2
176119, 1865,2
176120, 1597,2
176121, 5,1
176122, 4,1
176123, 30,1
176124, 10,1
176125, 28,1
176126, 1,1
176127, 22,1
176128, 13,1
176129, 54,1
176130, 10,1
176131, 15,1
176132, 8,1
176133, 12,1
176134, 16,1
176136, 72,
176137, 46,1
176141, 1,
176172, 1,
176177, 120,1
176178, 5,
176188, 10,1
176190, 7,1
176197, 152,1
176207, 6,
176210, 5,1
176214, 41,2
176217, 20,2
176226, 12,1
176227, 12,1
176239, 49,1
176242, 151,1
176243, 353,2
176246, 19,2
176248, 133,1
176249, 37,1
176250, 35,2
176252, 4,
176254, 71,
176263, 75,1
176333, 130,1
176354, 12,1
176362, 11,
176391, 7,1
176408, 152,1
176413, 184,1
176416, 2,
176418, 18,1
176420, 57,
176421, 47,
176422, 62,
176423, 54,
176437, 8,1
176438, 24,1
176439, 60,2
176442, 12,1
176444, 73,1
176445, 84,1
176446, 5,1
176447, 15,1
176448, 29,1
176450, 6,1
176452, 3,1
176453, 72,1
176454, 26,1
176455, 6,
176456, 54,1
176457, 18,1
176458, 24,
176460, 11,1
176477, 101,1
176478, 13,1
176484, 1,2
176491, 0,1
176493, 4,1
176494, 148,1
176496, 155,1
176498, 2,
176500, 1,
176512, 2,
176527, 1,1
176529, 5,1
176530, 2,1
176531, 5,1
176532, 1,1
176533, 12,1
176535, 2,1
176537, 40,1
176539, 11,1
176549, 11,
176550, 1,
176556, 6,1
176557, 1,1
176558, 9,1
176563, 12,1
176564, 2,1
176567, 2,1
176568, 10,1
176573, 1,1
176574, 247,
176575, 157,
176576, 52,1
176577, 143,1
176580, 23,2
176582, 58,1
176588, 143,1
176599, 35,1
176601, 59,2
176602, 0,1
176604, 440,1
176605, 912,1
176608, 736,1
176609, 2807,2
176614, 11,1
176617, 9,
176618, 592,2
176619, 341,2
176636, 216,1
176638, 330,2
176639, 120,1
176643, 10,
176644, 10,
176645, 14,
176646, 3,
176649, 9,
176650, 90,
176651, 139,
176659, 12,
176661, 2,1
176662, 532,1
176670, 150,2
176673, 110,2
176674, 0,1
176676, 30,
176680, 45,
176681, 43,
176682, 44,
176684, 2,
176685, 3,
176686, 2,
176687, 2,
176690, 2,
176692, 1,
176693, 2,
176699, 192,2
176700, 70,1
176701, 1,
176705, 70,
176714, 9,1
176716, 54,1
176717, 42,1
176718, 57,
176720, 32,
176721, 29,2
176722, 351,2
176738, 17,1
176740, 3,1
176741, 1228,1
176748, 2,
176750, 2,
176751, 1,
176757, 2,
176758, 2,
176761, 1,
176762, 2,
176763, 1,
176765, 2,
176766, 2,
176768, 1,
176769, 1,
176771, 1,
176772, 2,
176775, 2,
176778, 1,
176779, 2,
176780, 2,
176781, 2,
176783, 1,
176785, 30,
176786, 32,
176788, 2,
176789, 2,
176790, 2,
176791, 2,
176794, 2,
176795, 31,
176797, 1,
176799, 32,
176800, 2,
176801, 2,
176802, 2,
176803, 1,
176805, 1,
176806, 1,
176808, 1,
176809, 1,
176810, 31,
176816, 2,
176818, 1,
176819, 2,
176820, 2,
176821, 1,
176822, 1,
176823, 2,
176824, 2,
176829, 2,
176833, 2,
176834, 2,
176835, 2,
176836, 1,
176837, 2,
176838, 1,
176839, 2,
176840, 2,
176841, 1,
176843, 2,
176850, 2,
176855, 13,
176856, 26,
176857, 36,
176858, 31,
176860, 3,
176861, 1,
176862, 1,
176865, 2,
176867, 17,1
176868, 21,1
176869, 13,1
176870, 1,1
176872, 129,2
176873, 14,1
176878, 6,
176880, 2,
176881, 6,
176882, 60,
176883, 1,
176884, 22,1
176888, 24,1
176889, 10,1
176890, 2,1
176894, 306,1
176929, 7,1
176933, 161,1
176953, 4,1
176968, 1,1
176972, 2,1
176975, 0,1
176979, 4,1
176987, 22,1
176989, 3,
176993, 7,
176996, 51,1
177000, 2,1
177002, 2,1
177023, 87,1
177041, 336,1
177045, 15,1
177047, 2,1
177048, 14,1
177049, 6,1
177050, 5,2
177051, 41,1
177053, 1,1
177056, 0,2
177057, 2,
177063, 21,
177082, 4,1
177088, 16,
177112, 73,2
177115, 108,1
177116, 825,1
177120, 5,
177121, 5,
177126, 76,1
177128, 155,2
177129, 268,2
177130, 22,2
177131, 63,2
177133, 75,2
177135, 23,1
177138, 2,
177142, 2,
177143, 2,
177144, 1,
177147, 1,2
177154, 80,2
177155, 14,1
177156, 1,
177157, 19,
177158, 4,
177159, 1,
177161, 16,
177164, 135,1
177165, 39,1
177166, 3,
177167, 3,1
177168, 20,
177172, 6,
177175, 143,1
177178, 65,1
177179, 65,
177182, 23,
177183, 7,1
177184, 6,2
177189, 1,1
177193, 34,1
177194, 196,
177195, 34,1
177198, 56,1
177199, 394,1
177201, 13,
177207, 70,
177208, 11,
177210, 18,
177213, 4,1
177224, 7,1
177227, 43,
177228, 860,2
177229, 37,2
177233, 5,1
177237, 2916,
177239, 29,1
177246, 5,1
177251, 441,2
177252, 38,1
177254, 32,1
177261, 25,1
177262, 5,1
177266, 8,1
177267, 76,1
177269, 14,1
177271, 10,1
177272, 5,1
177273, 9,1
177289, 1,
177297, 16,1
177300, 20,
177302, 91,1
177303, 18,1
177305, 1,1
177306, 90,1
177307, 45,1
177318, 1,
177320, 63,
177328, 890,1
177329, 15,1
177330, 110,
177331, 365,1
177353, 6,
177356, 2,
177357, 1,
177358, 1,
177362, 1,
177375, 1,
177391, 1,
177402, 2,
177415, 2013,2
177429, 1,
177441, 2037,2
177442, 1059,2
177461, 2,
177510, 4351,1
177513, 19,
177515, 21,
177516, 15,
177520, 4,
177522, 10,
177523, 5,
177526, 4,
177539, 1,1
177540, 3,1
177543, 21,2
177553, 8,1
177554, 209,2
177555, 3,1
177556, 7,2
177557, 1,
177558, 1,1
177559, 5,1
177567, 1116,2
177576, 4,
177577, 17,1
177579, 11,1
177580, 6,
177582, 17,1
177583, 4,1
177584, 4,1
177587, 104,1
177588, 8,1
177589, 0,1
177590, 32,2
177616, 331,1
177625, 408,1
177628, 3,1
177633, 80,1
177639, 128,
177640, 2,
177646, 2,
177655, 17,1
177658, 32,
177661, 2,
177671, 40,
177673, 34,1
177681, 24,
177687, 7,
177696, 5,
177697, 2,
177698, 2,
177699, 11,
177701, 11,
177702, 10,
177704, 38,
177706, 12,
177708, 32,
177710, 17,
177711, 8,
177715, 17,
177716, 5,
177724, 44,1
177727, 9,1
177728, 10,1
177729, 8,1
177730, 7,1
177731, 7,1
177745, 91,2
177747, 74,1
177750, 151,1
177752, 5,
177755, 1,
177765, 3,
177767, 2,
177769, 120,
177775, 20,1
177776, 6,1
177777, 18,1
177799, 120,
177804, 10,
177805, 5,
177814, 5,1
177823, 168,1
177829, 456,1
177831, 252,1
177833, 1,
177834, 12,1
177835, 2,2
177836, 2,
177838, 221,2
177839, 120,1
177840, 14,
177843, 2,1
177844, 11,
177845, 6,
177851, 26,2
177874, 10,1
177880, 23,
177889, 138,1
177900, 12,
177901, 21,
177905, 4,
177906, 6,
177911, 7,1
177912, 18,1
177914, 9,1
177915, 3,1
177916, 5,1
177917, 14,1
177918, 12,1
177922, 4,1
177924, 30,1
177926, 2,1
177930, 2,1
177931, 1,1
177933, 2,1
177936, 1,1
177937, 13,1
177938, 1,1
177946, 1,1
177948, 2,1
177958, 4,1
177959, 2,1
177962, 1,1
177966, 6,1
177968, 3,1
177970, 14,1
177971, 28,1
177992, 9,1
177993, 120,1
177996, 18,1
177997, 18,1
177998, 6,1
178000, 24,1
178008, 6,1
178009, 94,1
178010, 23,1
178011, 491,1
178012, 1,
178013, 53,1
178015, 30,1
178017, 18,1
178018, 22,1
178019, 5,
178020, 9,1
178021, 12,1
178022, 54,1
178023, 60,1
178024, 25,1
178025, 228,2
178026, 10,1
178036, 15,
178042, 11,1
178043, 8,1
178044, 10,1
178045, 73,
178046, 1,1
178047, 5,1
178048, 8,1
178049, 9,1
178051, 1,1
178052, 10,1
178053, 16,
178061, 93,1
178062, 188,1
178063, 245,1
178064, 13,1
178065, 264,1
178066, 247,1
178067, 258,1
178068, 447,1
178071, 8,
178072, 91,
178074, 331,2
178075, 0,1
178076, 185,1
178077, 240,1
178078, 600,1
178079, 460,1
178081, 4,1
178094, 3,
178101, 55,1
178102, 7,1
178103, 85,1
178104, 18,1
178106, 41,1
178108, 68,1
178109, 56,1
178110, 223,1
178111, 3,1
178112, 4,1
178113, 0,1
178116, 2,1
178118, 6,1
178119, 1,1
178121, 13,1
178123, 6,1
178124, 10,
178125, 3,1
178126, 74,1
178127, 79,1
178128, 26,
178131, 188,
178146, 12,1
178152, 1,
178155, 4,
178157, 1,
178162, 1,
178168, 11,
178170, 9,
178171, 17,
178172, 30,
178179, 24,
178185, 6,
178192, 3,
178204, 2,
178206, 6,
178209, 17,
178211, 2,
178216, 41,1
178227, 52,
178250, 21,1
178252, 3,
178253, 469,1
178254, 239,2
178256, 12,
178258, 289,1
178260, 12,1
178261, 716,1
178263, 95,1
178264, 32,
178267, 18,
178272, 516,2
178273, 305,2
178284, 1,
178286, 444,2
178287, 55,2
178289, 11,1
178295, 8,1
178296, 1,1
178297, 3,1
178298, 5,1
178299, 5,1
178300, 8,1
178301, 5,1
178306, 6,
178307, 4,
178308, 4,
178309, 12,
178310, 5,
178311, 6,
178312, 6,
178313, 60,1
178314, 5,
178315, 6,
178322, 5,1
178323, 6,1
178335, 37,
178337, 92,2
178375, 3,1
178376, 5,
178377, 1,
178378, 7,
178379, 3,1
178380, 1,
178382, 2,
178383, 1,1
178384, 1,1
178403, 28,
178409, 1,
178420, 146,1
178422, 182,1
178436, 2,
178437, 31,1
178438, 7,1
178441, 26,1
178449, 8,
178450, 5,1
178451, 15,1
178452, 1,
178453, 9,1
178454, 1,
178455, 40,1
178456, 0,1
178458, 16,
178467, 3,1
178468, 2,
178469, 301,1
178482, 17,2
178500, 199,1
178505, 127,2
178509, 131,1
178527, 1781,2
178528, 6,2
178529, 17,1
178530, 15,1
178531, 36,1
178532, 1,1
178533, 3,1
178534, 442,2
178536, 81,1
178538, 4,1
178547, 11,1
178548, 18,1
178549, 7,1
178551, 10,1
178552, 9,1
178554, 24,1
178555, 5,1
178556, 12,1
178557, 37,1
178559, 51,1
178560, 34,
178564, 7,1
178565, 5,1
178566, 5,1
178567, 5,1
178568, 5,1
178571, 1251,1
178583, 5,1
178589, 20,1
178590, 88,1
178591, 18,1
178592, 2,1
178609, 2,1
178610, 311,1
178612, 42,1
178640, 1,
178653, 529,1
178676, 58,
178685, 3,1
178690, 10,2
178697, 53,1
178698, 71,1
178700, 23,1
178702, 202,1
178703, 0,1
178705, 500,3
178709, 92,1
178726, 1,2
178727, 96,1
178741, 9,1
178755, 218,1
178756, 12,1
178757, 709,1
178761, 9,1
178765, 58,
178766, 25,
178782, 70,1
178783, 7,1
178799, 12,
178800, 0,2
178802, 1,
178804, 6,1
178807, 14,1
178827, 10,
178829, 22,
178831, 36,2
178833, 12,1
178834, 1,1
178850, 4,1
178856, 12,1
178859, 1,1
178860, 18,1
178862, 17,1
178865, 37,1
178866, 64,1
178867, 24,1
178868, 39,1
178869, 29,1
178870, 5,1
178873, 5,2
178874, 1848,2
178875, 11,1
178876, 1,2
178881, 7,2
178885, 1,1
178886, 16,1
178887, 5,1
178888, 2,1
178889, 1,
178890, 6,
178891, 1,1
178893, 8,
178895, 180,2
178896, 0,2
178897, 159,2
178903, 1,1
178904, 10,2
178909, 2,1
178910, 4,2
178921, 2,
178922, 1,1
178941, 2,
178947, 2,
178949, 13,1
178953, 33,1
178954, 4,1
178955, 8,1
178956, 14,1
178960, 0,2
178970, 6,
178972, 4,
178973, 885,
178976, 260,1
178988, 1,
179001, 48,
179011, 4382,1
179014, 0,2
179017, 0,2
179018, 171,2
179019, 167,2
179020, 173,2
179021, 0,2
179023, 93,2
179033, 856,2
179034, 7,1
179035, 600,2
179036, 512,2
179041, 438,2
179043, 0,1
179052, 187,1
179053, 35,1
179058, 5,1
179059, 47,1
179060, 6,1
179062, 12,
179064, 16,
179065, 50,1
179066, 7,
179067, 5,1
179070, 408,2
179071, 482,1
179073, 12410,2
179075, 6345,1
179076, 972,1
179077, 131,1
179078, 353,2
179079, 79,1
179080, 185,1
179081, 122,1
179082, 161,1
179083, 770,1
179085, 150,2
179086, 2904,1
179087, 791,1
179088, 348,2
179089, 41,1
179090, 5154,2
179091, 726,2
179092, 1517,2
179093, 992,1
179094, 90,1
179096, 1,2
179097, 210,1
179098, 238,2
179100, 1020,1
179101, 924,1
179103, 432,1
179108, 768,1
179114, 686,2
179115, 154,1
179116, 1239,2
179117, 844,2
179120, 542,2
179122, 744,2
179124, 219,1
179125, 40,1
179127, 13,2
179138, 795,1
179139, 5,1
179140, 72,1
179141, 18,1
179146, 12,1
179154, 13,1
179155, 1,1
179157, 58,1
179159, 6,
179167, 4,1
179179, 34,
179184, 216,2
179185, 96,1
179186, 12,2
179187, 1,
179212, 30,2
179220, 137,2
179221, 324,1
179222, 34,
179223, 29,2
179224, 18,2
179227, 1,1
179228, 33,2
179229, 57,2
179230, 40,2
179231, 2,1
179248, 22,1
179249, 8,1
179250, 9,2
179253, 21,1
179257, 180,1
179258, 40,2
179260, 389,1
179264, 73,1
179266, 192,1
179267, 23,1
179268, 123,2
179269, 190,2
179270, 2,
179319, 792,1
179320, 893,1
179326, 26,
179328, 22,
179330, 1,
179331, 24,
179332, 23,
179333, 125,1
179337, 2,
179338, 3,1
179341, 0,1
179342, 21,1
179344, 18,1
179346, 548,2
179348, 16,
179355, 144,
179358, 171,1
179359, 41,2
179360, 13,2
179361, 2,2
179364, 1,
179366, 21,
179367, 16,1
179373, 9,
179374, 78,
179423, 68,1
179425, 84,1
179435, 410,1
179436, 584,2
179437, 0,2
179438, 1,
179439, 4,
179441, 2,
179443, 4,
179450, 295,2
179451, 841,2
179570, 5,2
179574, 9,2
179576, 9,1
179580, 28,
179582, 1,
179585, 19,
179586, 24,
179588, 11,
179589, 2,
179590, 1,
179592, 3,
179593, 1,2
179594, 4,
179598, 576,1
179599, 103,
179600, 296,1
179602, 300,
179606, 12,
179607, 172,
179608, 34,1
179609, 715,1
179610, 4,1
179611, 3,1
179612, 6,1
179613, 898,1
179614, 12,1
179615, 382,2
179616, 8,1
179617, 21,2
179618, 1,1
179620, 11,1
179621, 11,1
179622, 1,1
179624, 16,1
179627, 0,1
179632, 46,1
179637, 344,1
179638, 103,2
179639, 10,1
179640, 432,1
179641, 6,1
179643, 9,1
179644, 23,1
179647, 11,1
179651, 10,
179652, 2,2
179653, 35,1
179654, 12,1
179655, 15,1
179656, 0,1
179658, 6,1
179659, 17,1
179660, 10,1
179661, 4,1
179662, 5,1
179664, 12,1
179665, 2,1
179666, 8,1
179667, 11,1
179668, 3,1
179669, 5,1
179670, 3,1
179671, 15,1
179674, 2,1
179675, 5,1
179677, 10,1
179678, 276,1
179683, 10,
179684, 134,1
179685, 51,1
179687, 12,1
179688, 3,1
179689, 18,1
179690, 0,1
179691, 6,1
179692, 12,
179693, 12,1
179694, 3,1
179695, 29,1
179696, 6,1
179697, 12,1
179698, 202,1
179702, 91,2
179704, 7,1
179707, 97,2
179709, 19,1
179710, 198,1
179711, 12,1
179712, 6,1
179714, 12,1
179715, 7,1
179716, 10,1
179717, 1,1
179718, 1,1
179719, 1,
179720, 1,1
179721, 1,1
179723, 6,1
179725, 4,1
179730, 191,2
179733, 1,2
179734, 0,1
179735, 6,1
179737, 90,1
179738, 14,1
179740, 6,1
179741, 4,
179742, 8,1
179745, 425,2
179750, 42,1
179753, 15,1
179756, 8,1
179757, 14,1
179759, 12,1
179760, 7,1
179764, 485,2
179766, 4,1
179767, 24,1
179768, 24,1
179769, 23,1
179777, 6,2
179778, 11,2
179785, 372,1
179786, 0,3
179790, 30,2
179796, 165,1
179797, 12,1
179798, 390,2
179802, 24,
179804, 52,2
179808, 0,1
179809, 36,1
179810, 40,1
179811, 100,1
179812, 65,1
179813, 80,1
179814, 8,1
179818, 0,2
179836, 200,1
179839, 48,1
179844, 1310,2
179845, 56,1
179848, 448,2
179849, 116,2
179850, 202,1
179851, 154,2
179852, 288,2
179853, 588,2
179854, 170,2
179856, 30,2
179857, 349,2
179858, 132,2
179868, 45,2
179870, 510,1
179871, 63,2
179872, 30,2
179873, 516,1
179874, 48,2
179877, 71,1
179878, 707,1
179879, 1,1
179881, 11,1
179882, 10,1
179883, 3,
179884, 8,1
179885, 6,1
179886, 4,1
179887, 37,1
179888, 2,1
179889, 2,1
179891, 41,1
179892, 16,2
179893, 77,1
179894, 172,1
179895, 14,1
179898, 22,1
179902, 19,
179914, 70,1
179933, 186,1
179935, 9,1
179937, 22,1
179938, 21,1
179941, 37,2
179942, 13,1
179943, 9,2
179944, 3,1
179945, 1,1
179946, 27,2
179950, 9,
179955, 6,1
179956, 1,1
179957, 24,1
179958, 1,1
179962, 2,
179963, 17,1
179965, 16,1
179966, 1,1
179968, 272,2
179970, 26,1
179973, 10,1
179975, 31,1
179976, 60,2
179980, 56,1
179985, 32,1
179987, 0,1
179990, 8,2
179993, 4,1
179994, 34,1
179995, 0,2
179999, 29,1
180000, 23,1
180001, 348,1
180002, 266,1
180003, 295,1
180004, 62,1
180005, 1,
180006, 17,1
180008, 63,1
180009, 11,2
180010, 36,1
180011, 15,1
180013, 89,1
180017, 11,1
180018, 91,1
180021, 84,2
180022, 15,1
180026, 0,1
180027, 65,2
180028, 64,2
180030, 210,1
180031, 218,2
180032, 281,1
180033, 96,1
180034, 162,1
180041, 50,1
180042, 20,1
180043, 22,1
180044, 18,1
180045, 2447,2
180052, 69,1
180053, 161,1
180057, 528,2
180060, 231,1
180063, 338,2
180064, 111,1
180066, 5,1
180067, 1,1
180070, 14,1
180071, 8,2
180079, 16,2
180083, 152,2
180084, 86,1
180085, 447,1
180087, 11,1
180089, 10,1
180090, 30,1
180091, 35,1
180092, 230,
180093, 63,1
180094, 3,1
180095, 125,1
180097, 905,1
180098, 295,2
180099, 2483,2
180101, 464,1
180102, 175,2
180103, 0,2
180105, 547,2
180106, 30,2
180108, 1539,2
180109, 317,1
180110, 234,1
180112, 74,1
180114, 336,
180115, 285,
180116, 2,
180118, 0,1
180119, 36,1
180120, 12,2
180121, 260,1
180124, 9,
180127, 96,2
180128, 0,2
180138, 15,1
180140, 38,1
180141, 21,1
180145, 7,
180146, 9,1
180147, 7,
180148, 10,
180149, 53,
180150, 12,1
180151, 0,1
180152, 0,1
180154, 13,1
180155, 38,1
180157, 16,1
180159, 198,1
180160, 6,
180161, 6,1
180162, 43,1
180164, 5,
180166, 39,1
180175, 6,
180177, 230,1
180178, 40,
180180, 5385,2
180181, 150,1
180184, 15,1
180185, 4,1
180187, 11,2
180188, 21,2
180189, 1,2
180190, 54,1
180193, 184,1
180194, 5,2
180195, 240,1
180197, 240,1
180198, 183,1
180199, 179,1
180201, 150,1
180202, 196,
180204, 504,1
180205, 19,1
180206, 119,1
180207, 1,
180208, 1,
180210, 6,1
180213, 1,
180214, 1,
180216, 68,2
180217, 25,1
180219, 7,2
180220, 2,2
180224, 22,1
180226, 542,1
180227, 51,2
180229, 82,1
180230, 5,1
180232, 15,1
180242, 659,1
180243, 936,1
180244, 216,1
180245, 540,
180247, 6,2
180249, 138,
180250, 1,1
180251, 89,2
180254, 474,1
180255, 6,
180257, 20,2
180260, 160,1
180261, 47,2
180262, 63,2
180264, 40,1
180265, 38,1
180266, 12,1
180268, 1,2
180269, 426,1
180271, 36,1
180272, 40,1
180273, 0,1
180274, 13,1
180275, 16,
180276, 17,1
180277, 2,
180278, 565,1
180279, 6,1
180280, 70,2
180282, 88,1
180283, 339,1
180284, 3,1
180285, 198,1
180286, 84,1
180287, 657,1
180288, 393,1
180294, 215,1
180297, 72,2
180299, 5,1
180302, 100,1
180303, 86,1
180308, 1744,1
180309, 721,1
180310, 2,1
180312, 6,1
180313, 10,1
180314, 25,2
180316, 49,1
180318, 93,1
180319, 15,
180320, 7,1
180322, 186,1
180323, 93,2
180330, 200,1
180333, 5,1
180334, 150,2
180335, 5,
180336, 324,1
180337, 180,1
180344, 21,1
180345, 2,1
180347, 17,1
180348, 2,
180349, 0,1
180352, 680,2
180355, 9,1
180356, 9,2
180357, 46,1
180358, 76,1
180359, 49,1
180360, 25,1
180361, 18,1
180363, 11,
180364, 40,
180365, 43,
180368, 2,
180369, 1,1
180377, 252,1
180378, 4,1
180379, 260,2
180380, 12,1
180381, 16,1
180384, 34,2
180385, 31,1
180387, 53,2
180389, 43,1
180391, 0,1
180395, 3,1
180396, 38,1
180398, 12,1
180399, 11,1
180401, 3,1
180405, 22,2
180406, 23,1
180407, 44,2
180408, 6,2
180409, 65,2
180410, 95,
180411, 23,1
180413, 48,
180414, 25,
180415, 44,1
180416, 21,1
180417, 195,2
180418, 92,1
180419, 61,1
180420, 30,1
180429, 6,
180431, 206,2
180433, 152,1
180434, 405,1
180435, 488,1
180436, 295,1
180437, 75,1
180438, 30,1
180439, 113,1
180440, 117,1
180441, 63,1
180442, 20,1
180443, 100,1
180444, 69,1
180445, 39,1
180446, 63,1
180447, 47,
180449, 40,1
180450, 38,
180452, 17,
180453, 13,1
180454, 168,1
180456, 61,
180457, 33,
180458, 47,
180459, 22,
180460, 27,
180461, 153,1
180466, 12,1
180468, 1,1
180470, 291,2
180471, 10,1
180472, 0,1
180473, 35,1
180474, 1,1
180475, 98,1
180476, 35,1
180477, 104,1
180478, 0,1
180479, 0,1
180480, 12,1
180481, 23,1
180482, 5,1
180484, 34,1
180485, 23,1
180486, 10,1
180487, 29,1
180488, 5,1
180491, 34,3
180492, 144,1
180493, 123,1
180494, 1415,1
180495, 1786,1
180496, 6663,1
180497, 5375,1
180498, 2591,1
180499, 2561,1
180503, 1946,2
180504, 1857,1
180506, 1885,1
180507, 1584,2
180508, 1875,1
180509, 4,1
180510, 38,1
180511, 346,1
180513, 72,
180514, 303,1
180515, 72,
180516, 292,1
180517, 3137,1
180518, 3436,1
180529, 10,1
180530, 14,1
180531, 41,1
180533, 1,2
180536, 120,1
180537, 5,1
180539, 170,1
180540, 59,1
180541, 450,2
180542, 16,1
180543, 19,1
180544, 116,2
180545, 12,1
180548, 1956,1
180549, 1850,1
180552, 1791,2
180553, 1615,2
180555, 4,2
180556, 12,2
180557, 68,2
180558, 287,1
180559, 67,1
180561, 27,1
180564, 2,1
180566, 99,
180567, 216,
180570, 8,1
180571, 11,1
180572, 18,1
180573, 14,1
180574, 12,1
180575, 18,1
180576, 42,1
180580, 22,1
180581, 24,1
180582, 50,1
180583, 1056,
180584, 54,1
180585, 73,1
180587, 30,1
180588, 30,1
180589, 24,1
180593, 19,1
180596, 36,1
180598, 26,1
180599, 27,1
180600, 72,1
180601, 237,1
180602, 3,1
180603, 78,1
180606, 96,1
180607, 87,1
180608, 1,1
180609, 16,1
180610, 267,1
180611, 36,1
180612, 3,1
180614, 393,1
180615, 47,1
180616, 24,1
180618, 6,1
180621, 12,1
180622, 14,1
180623, 6,1
180624, 11,1
180625, 11,1
180626, 13,1
180627, 54,1
180631, 48,1
180632, 1078,2
180633, 1188,1
180635, 5,1
180636, 553,2
180637, 862,1
180638, 766,2
180640, 32,1
180642, 1,1
180644, 78,1
180649, 24,1
180651, 7,1
180664, 216,1
180671, 64,
180672, 44,1
180674, 1,
180677, 182,1
180678, 20,1
180684, 29,1
180704, 7,1
180705, 740,1
180707, 47,
180709, 16,1
180714, 0,1
180716, 206,1
180717, 15,1
180719, 12,1
180720, 15,1
180722, 2,1
180724, 5,1
180728, 3,
180730, 1,
180732, 26,
180733, 422,1
180734, 182,1
180735, 615,1
180736, 12,2
180737, 711,1
180739, 10,1
180740, 1,1
180741, 84,1
180742, 508,1
180751, 25,1
180752, 23,1
180753, 24,1
180754, 24,1
180756, 40,1
180758, 25,1
180759, 25,1
180760, 38,1
180761, 60,1
180762, 24,
180766, 2,1
180768, 7,1
180769, 10,2
180770, 0,2
180773, 41,1
180776, 4,1
180778, 652,1
180785, 72,1
180787, 6,1
180789, 66,1
180805, 1168,1
180806, 270,1
180807, 922,1
180808, 1251,1
180809, 148,1
180815, 0,1
180826, 3,1
180827, 24,1
180828, 21,1
180831, 7596,1
180832, 22848,1
180835, 3672,1
180853, 2255,2
180854, 4867,1
180855, 2894,1
180856, 784,2
180889, 437,2
180891, 626,2
180892, 502,2
180893, 1537,2
180894, 24,1
180895, 801,1
180896, 155,2
180898, 136,1
180899, 8,2
180900, 8,1
180901, 9,1
180902, 155,2
180942, 2183,1
180957, 80,1
180958, 92,1
180959, 94,1
180960, 127,1
180961, 90,1
180962, 77,1
180963, 1296,1
180964, 972,1
180965, 990,1
180966, 990,1
180967, 10,1
180968, 1505,1
180994, 234,2
181005, 131,2
181007, 233,2
181009, 376,2
181011, 180,1
181012, 428,2
181013, 251,1
181026, 38,2
181209, 128,2
181214, 1292,1
181215, 6,
181217, 12,1
181218, 12,1
181219, 2990,1
181221, 8,1
181223, 4512,2
181224, 1038,1
181228, 108,1
181229, 1528,1
181230, 12,
181231, 2,1
181247, 1556,2
181250, 6,1
181254, 6,1
181255, 2,1
181256, 8,1
181257, 12,1
181258, 1,3
181259, 1,1
181260, 8,1
181261, 6,1
181273, 12,1
181274, 18,1
181275, 504,1
181276, 860,1
181313, 2016,
181314, 2496,
181315, 1776,
181316, 1536,
181318, 2016,
181320, 2368,
181321, 4992,
181322, 15024,
181326, 1752,
181327, 1248,
181328, 1781,
181335, 6,1
181348, 6,1
181374, 504,2
181375, 390,1
181376, 289,2
181377, 326,2
181382, 6,
181383, 6,
181384, 6,
181385, 6,
181402, 1180,
181435, 1,1
181436, 1446,1
181441, 168,1
181442, 204,1
181493, 280,1
181542, 1062,
181543, 2496,
181544, 1586,
181545, 1400,
181546, 546,
181549, 1245,2
181564, 71,2
181565, 5,1
181567, 1456,
181610, 11,2
181612, 20,
181613, 48,
181614, 48,
181625, 184,1
181626, 1712,1
181627, 12,
181629, 12,
181630, 12,
181631, 11,1
181634, 12,1
181635, 36,1
181636, 12,1
181637, 5,
181638, 6,1
181640, 18,1
181641, 6,1
181642, 5,1
181644, 18,1
181645, 24,1
181646, 42,1
181647, 36,1
181649, 36,1
181651, 126,1
181652, 179,2
181653, 52,1
181654, 32,1
181655, 63,1
181657, 10,1
181658, 5,1
181659, 10,1
181661, 25,1
181662, 5,1
181663, 100,1
181664, 10,1
181665, 10,1
181666, 80,1
181668, 8016,
181669, 270,
181670, 552,
181671, 624,
181672, 504,
181676, 3,2
181677, 300,
181678, 600,
181679, 600,
181681, 300,
181685, 95,1
181686, 36,1
181687, 24,1
181688, 96,1
181689, 492,1
181690, 172,1
181695, 100,1
181697, 3,1
181701, 62,1
181702, 28,1
181703, 50,1
181704, 52,1
181705, 54,1
181706, 9,1
181710, 2,1
181712, 14,1
181713, 13,1
181714, 8,1
181715, 18,1
181716, 15,1
181717, 16,1
181718, 15,1
181719, 5,1
181720, 5,1
181721, 6,1
181722, 8,1
181723, 11,1
181725, 22,1
181726, 21,1
181727, 15,1
181728, 1,1
181729, 20,1
181730, 42,1
181731, 432,1
181733, 50,1
181734, 498,1
181735, 48,1
181736, 24,1
181737, 37,1
181738, 18,1
181739, 438,1
181741, 24,1
181742, 339,1
181743, 17,1
181744, 60,1
181746, 20,1
181748, 153,1
181750, 36,1
181751, 24,1
181753, 30,1
181755, 12,1
181756, 6,1
181757, 24,1
181763, 24,1
181765, 204,1
181767, 93,1
181768, 0,1
181769, 192,1
181770, 228,1
181771, 162,1
181772, 1182,1
181778, 12,1
181781, 432,1
181787, 183,1
181790, 0,1
181792, 20,1
181796, 22,1
181798, 26,1
181800, 144,
181802, 24,1
181819, 816,2
181821, 15012,1
181823, 15,1
181824, 690,1
181827, 5,1
181828, 310,1
181829, 35,2
181833, 20,
181836, 9,1
181844, 3,
181846, 13,1
181848, 0,2
181849, 192,1
181850, 1730,2
181856, 391,1
181876, 22,1
181877, 57,1
181878, 78,1
181880, 14,2
181881, 14,1
181882, 13,1
181885, 48,
181886, 20,
181887, 48,
181890, 24,
181891, 48,
181896, 19,2
181898, 12,1
181900, 288,
181908, 14,1
181910, 3,1
181911, 72,1
181915, 88,2
181916, 30,1
181917, 63,1
181920, 4,
181921, 4,
181922, 4,
181924, 20,1
181925, 6,1
181931, 126,2
181932, 144,2
181934, 126,2
181937, 43,1
181938, 1,1
181939, 538,1
181941, 8,
181942, 10,
181943, 246,1
181945, 388,1
181946, 211,1
181948, 72,1
181949, 63,1
181950, 33,1
181953, 60,1
181958, 258,
181962, 4,1
181981, 12,1
181992, 72,1
181993, 50,1
181995, 2,1
182002, 198,
182003, 600,
182012, 30,1
182013, 200,
182014, 32,1
182017, 16,1
182018, 3,2
182025, 17,1
182027, 17,1
182030, 4,
182032, 4,
182037, 24,
182038, 432,1
182078, 576,1
182079, 78,1
182080, 456,1
182081, 408,1
182086, 468,1
182095, 5,1
182096, 5,1
182097, 5,1
182098, 6,
182099, 6,
182110, 600,
182112, 480,
182121, 60,
182142, 165,
182143, 552,
182153, 6,1
182170, 0,1
182171, 708,1
182174, 0,1
182182, 0,1
182187, 70,1
182188, 3,1
182191, 85,1
182192, 0,1
182194, 48,2
182204, 6,1
182205, 18,2
182206, 1056,1
182215, 6,
182216, 6,
182220, 678,1
182221, 738,1
182235, 264,1
182236, 63,1
182242, 1224,
182243, 138,
182247, 342,1
182253, 700,
182291, 560,
182293, 24,
182296, 320,
182297, 6,
182298, 5,
182299, 6,
182300, 6,
182301, 6,1
182302, 60,1
182303, 864,1
182305, 12,1
182307, 12,1
182308, 2,
182309, 420,
182310, 4,
182312, 4,
182314, 200,
182315, 6,
182316, 4,
182322, 3,
182323, 3,
182324, 3,
182347, 6,
20090, 23,1
20092, 14,1
20093, 10,1
210042, 1,
240172, 333,2
240190, 0,1
240249, 120,1
240250, 100,1
460384, 57,1
460466, 10,1
460548, 27,1
60804, 52,1
61699, 15,1
620060, 12,1
620062, 10,1
620078, 22,1
620082, 3,1
620084, 17,1
620162, 148,1
620165, 24,1
630056, 36,1
630098, 49,1
630156, 6,1
630174, 46,
630180, 179,1
630300, 3,
630304, 3,
630306, 75,1
70281, 18,1
70282, 13,1
70430, 52,1
70801, 76,1
710427, 1571,1
710504, 640,2
710514, 1755,2
710542, 344,2
72128, 35,1
72131, 6,2
72666, 8,1
72743, 129,1
80001, 34,1
80003, 0,1
80509, 585,2
80628, 400,1
80652, 474,2
80674, 97,1
80718, 492,1
80729, 60,
80766, 12,1
80768, 82,2
80795, 301,1
80805, 12,1
80807, 39,1
80823, 1207,1
80834, 624,1
80839, 463,1
81002, 0,2
81235, 187,1
81604, 13,1
81631, 22,1
81642, 20,1
82001, 69,1
82246, 180,
82247, 44,1
82250, 29,1
82344, 31,1
82368, 151,1
82413, 47,1
82801, 160,1
82879, 344,2
82902, 144,1
82947, 112,1
84005, 36,1
84007, 6,1
84133, 38,1
84137, 0,1
84359, 13,1
84788, 72,1
84799, 7,1
85107, 41,1
85217, 33,1
85274, 1679,1
90036, 434,2
90086, 1319,2
90165, 1541,2
90225, 266,2
90803, 288,1
91366, 32,1
91377, 50,1
91424, 24,1
92164, 149,1
92390, 215,1
92501, 16,1
92503, 13,1
92708, 334,1
96041, 18,1
GOODY, 2,
